:020000040800F2
:1000000000040020BD020008F9500008BF020008EB
:10001000BF020008BF020008BF020008BF020008BC
:10002000BF020008BF020008BF0200083D8C0008A4
:10003000BF020008BF020008BF020008BF0200089C
:10004000BF020008BF02000881A90008DDA900085E
:10005000BF020008BF020008759B00089D9B0008B6
:10006000C59B0008ED9B0008159C000801A1000835
:1000700015A1000829A100083DA1000851A1000810
:1000800065A1000879A10008BF020008BF020008AE
:10009000BF020008BF020008BF0200083D9C000824
:1000A000BF020008BF020008BF020008BF0200082C
:1000B000259D0008BF020008BF020008D5A4000863
:1000C000D9A50008BF020008BF020008BF0200084F
:1000D000BF020008BF020008119D0008BF0200080F
:1000E000A19C000815AA0008BF020008BF02000872
:1000F000BF020008BF020008BF020008BF020008DC
:10010000BF020008BF020008BF020008BF020008CB
:10011000BF020008BF020008BF020008BF020008BB
:100120008DA10008A1A10008B5A10008C9A100087F
:10013000DDA10008BF020008BF020008BF020008DE
:10014000BF020008BF020008BF02000855AF000848
:10015000F1A1000805A20008BF020008BF020008C4
:10016000BF020008BF020008BF020008BF0200086B
:10017000BF020008BF020008BF020008BF0200085B
:10018000BF020008BF020008BF020008BF0200084B
:10019000BF020008BF020008BF020008BF0200083B
:1001A00072B6374880F30888364880F309883648A5
:1001B0003649086040F20000CCF200004EF634717F
:1001C000CEF200010860BFF34F8FBFF36F8F40F294
:1001D0000000C0F2F0004EF68851CEF20001086037
:1001E000BFF34F8FBFF36F8F4FF00000E1EE100AA7
:1001F0004EF63C71CEF200010860062080F31488B0
:10020000BFF36F8F08F0EAF907F0C0FF4FF05530E9
:100210001F491B4A91423CBF41F8040BFAE71D49B4
:10022000184A91423CBF41F8040BFAE71A491B4AAD
:100230001B4B9A423EBF51F8040B42F8040BF8E7FF
:1002400000201849184A91423CBF41F8040BFAE7D4
:1002500008F0C8F908F0C3F9144C154DAC4203DAA4
:1002600054F8041B8847F9E704F05DFA114C124D6D
:10027000AC4203DA54F8041B8847F9E708F0B0B938
:1002800000040020000C00200000000808ED00E041
:1002900000000020000400202CD40008000C0020E6
:1002A0001410002018100020306A0020A00100085F
:1002B000A0010008A0010008A001000870E700F0FC
:1002C00000F8FEE72DE9F04F2DED108AC1F80CD0B3
:1002D000C3689D46BDEC108ABDE8F08F002383F310
:1002E00011882846A047002008F028FCFEE708F007
:1002F00081FB00DFFEE7000053B94AB9002908BFBF
:1003000000281CBF4FF0FF314FF0FF3000F00CB859
:10031000ADF1080C6DE904CE0BF054F9DDF804E002
:10032000DDE9022304B07047704700BF034613F8AD
:10033000012B002AFBD1181A013870470000000079
:1003400001F0FF01102A2BDB10F0070F08D010F886
:10035000013B013A8B422DD010F0070F42B3F6D18A
:10036000F0B441EA012141EA014122F007047FF0A3
:1003700000070023F0E80256083C85EA010586EAFA
:10038000010685FA47F5A3FA87F586FA47F6A5FA36
:1003900087F68EB9EED1F0BC01F0FF0102F0070242
:1003A00032B110F8013B013A83EA010313B1F8D1ED
:1003B0000020704701387047002D06BF35460338CE
:1003C000073815F0010F07D1013015F4807F02BF07
:1003D000013015F4C03F0130F0BC0138704700BF58
:1003E000013880B24FF6FF7300BF013880B29842E7
:1003F000FAD17047F8B50225124E024610214FF08F
:1004000090442F4612F4004F4FF4004367834FF09F
:10041000010014BF33837383FFF7E2FF01392583A3
:100420000120FFF7DDFF520011F0FF0192B2E9D188
:1004300001220120FFF7D4FF62831046FFF7D0FFAF
:100440002283F8BD0008004838B5302383F31188B3
:10045000012200F00F0402FA04F420F00F052146F7
:100460002846A4B209F022FF6C83002383F311888D
:1004700038BD08B5302383F31188012100F00F0344
:100480009940202220F00F0009F010FF002383F391
:10049000118808BD08B5054B1868431C01D0FFF74B
:1004A000D3FFBDE808400020FFF7A4BF000C0020E8
:1004B000F8B5234E05460C4656F8210069BB431C8F
:1004C0003DD0FFF7C1FF6420FFF78AFF0120A04065
:1004D000DFF870C0291F6FEA000E14355CF8042B9A
:1004E00051F8043F571C20D022F00F0702F00F02F2
:1004F0003F6927FA02F2D20717D403438D420B60FB
:10050000ECD156F824009CB9431C01D0FFF7B1FF91
:10051000BDE8F8406420FFF763BF4B1E0120984000
:10052000C04380B2FFF766FFCDE70EEA0303E5E7BD
:100530000F2CEDD94FF6FF70FFF75CFFE8E7F8BD31
:10054000000C0020440C002038B5154D002455F84F
:10055000040B421C01D0FFF78CFF0134E4B2062CDF
:10056000F5D1104801224FF4004109F09FFE01220D
:1005700011464FF0904009F099FE4FF09040012253
:10058000022109F093FE084B1868431C01D0FFF7C5
:1005900070FFBDE838404FF6FF70FFF72BBF00BF7C
:1005A000440C002000080048000C002030B587B043
:1005B00004461822002168460BF0B8F90025E9B27C
:1005C00068460135FFF774FF112DF8D118226946EE
:1005D00020460BF09BF9002814BF0125002504D00C
:1005E0001822694620460BF0EDF9284607B030BDC9
:1005F000034B1B78032B06BF024B18780020704773
:10060000191000201A10002008B5202204480021EB
:100610000BF08CF9034A00231370034A137008BDD2
:1006200081210020A12100208021002037B50D4D1F
:100630000D4AADF8040028781378441C04F00F0428
:10064000A34202BF631C03F00F031370074B022287
:1006500001A903EB40000BF0B5F901202C7003B0A9
:1006600030BD00BFA1210020802100208121002079
:1006700008B50F4B01221A70FFF7C6FF00F052FABF
:1006800000F05CFF202240214FF0904009F00EFE68
:1006900001F070FB02F0F2F803F068FC054B1880E3
:1006A000054B1A78C0F3C01060F341021A7008BD00
:1006B00019100020DE6500208110002038B50446A6
:1006C0000D4601F097FD50B9054B9B6813B12946C3
:1006D00020469847034B04221A70034B1C7038BD08
:1006E000700C0020191000201B10002010B501F024
:1006F00081FD044650B907F0C1F938B1044B2146D9
:100700005B6820469847034B05221A7010BD00BF56
:10071000700C00201910002030B5304B1B78042BD2
:100720008BB0054604D12E4B1B781BB90BB030BDE6
:10073000032B4BD12B4B2C4C1B784BB32B4B93F9EE
:100740000030002B24DA6369002BEFD000F040FA70
:10075000A0B900240223202229460DF106008DF8BD
:1007600004300BF02FF901A800F0FAF9002CDDD0CD
:10077000002000F05DFA00F061FAD7E700F03CFAE3
:100780000028E6D000F04EFAB0FA80F46409E1E700
:100790002369002BCAD000F01BFA50B100F02CFAEC
:1007A00038B12369284698470BB0BDE8304000F0C7
:1007B0001BBA0123202229460DF106008DF80430D2
:1007C0000BF000F901A800F0CBF9AFE7002BADD09A
:1007D0000BB0BDE83040FFF789BF00BF1910002003
:1007E000181000206C0C0020700C0020DE6500202A
:1007F000054B1B78032B03D1044B1B6A1BB1184715
:100800000BB1FFF773BF704719100020700C002068
:1008100070B504460D4601F0EDFC98B90A4E54B18E
:100820000A4B1A78A24202D13278032A0AD01C70ED
:10083000074B00221A70074B29465B6820469847F1
:100840000523337070BD00BF191000201B1000205D
:100850001A100020700C0020024BDB6803B118470F
:10086000704700BF700C002070477047704770479A
:1008700070477047054B1B78032B03D1044BDB6992
:100880001BB118470BB1FFF731BF7047191000209B
:10089000700C002010B5134B1B78032B8AB0044654
:1008A00019D100F095F960B100F0A6F948B10E4BEE
:1008B0009B690BB1204698470AB0BDE8104000F094
:1008C00093B9032301A88DF80430ADF8064000F079
:1008D00047F90AB010BD002BFBD00AB0BDE81040AC
:1008E000FFF704BF19100020700C00200378032BC1
:1008F00005D14378807843EA0020FFF7BBBF042B83
:1009000005D14378807843EA0020FFF7C3BF7047E2
:1009100008B5002000F088FE02F010FE03F06CFA2B
:10092000BDE80840FFF798BFF8B5574E574D3078EF
:100930002B780021984240F0828001B12870F8BDE8
:100940002B70534B002220461A70FFF78DFFEEE705
:100950002B704F4B03202146187001F003F84D4BCC
:100960001C7002F0EBFD4C4B4C4A1B781178C3F322
:10097000400363F3C71120461170FFF778FF01F0C1
:100980002FFC0028D3D0012000F04EFECFE72B70C3
:100990003F4B04202146187000F0E4FF2046FFF78B
:1009A00064FFC4E72B703A4B05202146187000F015
:1009B000D9FF2046FFF75AFFB9E72B70384B0022CA
:1009C0001A70334B1A780220032A18700FD101F0E5
:1009D000C3F92146062000F0C5FF00F0A3F8314B13
:1009E000002720461F7002F0C3F83846CCE72146A6
:1009F000F1E72B70294B1A786FF3C7121A702A4B44
:100A000001221A70FFF734FF91E7244A2B70137804
:100A100043F080031370244B00221A70FFF729FF64
:100A200085E72B701E4B1C7081E72B701F4B00223B
:100A30001A707CE720462B7000F0EEF877E71C492F
:100A400011F8132001EB4301013A01334C7803F014
:100A50000F030121092A3FF66DAF01A757F822F0D5
:100A6000410900088F090008A5090008510900087C
:100A7000BB090008F30900080B0A00082B0A00084C
:100A8000230A0008350A0008A12100208021002047
:100A9000191000201B10002081100020DE650020AE
:100AA0001A1000201C100020181000206C0C0020D0
:100AB0008121002008B5074B5B6A9847FFF734FF98
:100AC00000F0BCF801F018F801F0E0FBBDE80840C8
:100AD00001F070B9700C0020014B1878704700BF0E
:100AE0001910002038B505460C4602F0FDF8A8B1F3
:100AF00001F00CF902280DD101F02EF901F070FB84
:100B000040B1074B1B78032B04D1A37813B101200C
:100B100000F08AFD2146284601F000FF38BD00BFE5
:100B20001910002008B54FF48842002107480AF048
:100B3000FDFE074A00231380064A1380064A1370FD
:100B400006F09CFF054B186008BD00BFC8210020BF
:100B5000C6210020A22100201C100020241000200B
:100B600038B50A4D0A4A2B8812885C1CC4F3080465
:100B7000A242014608D00748222202FB03000AF0E5
:100B800021FF2C80012038BD0020FCE7C621002079
:100B9000A2210020C821002038B50A4D0A4B2C881C
:100BA0001B88A3420BD00949222202FB0411013405
:100BB000C4F308040AF006FF2C80012038BD002091
:100BC000FCE700BFA2210020C6210020C821002090
:100BD000034B1888034B1B88C31A5842584170476F
:100BE000C6210020A221002008B506F047FF014BD6
:100BF000186008BD2410002008B5054B186806F0E1
:100C00007FFF044B1B78984294BF0020012008BD51
:100C1000241000206D0C0020014B1870704700BF9D
:100C20006D0C0020014B1878704700BF1C1000208D
:100C3000014B1870704700BF1C10002038B5FFF73B
:100C40004BFF03284AD1FFF7C3FF18B1244B1B7891
:100C5000002B43D0FFF7D0FF00283FD0204C237853
:100C60005BBB204D2846FFF797FF002836D02B7836
:100C7000002B33D006F002FF02282FD91E23237049
:100C800006F0FCFE174C184B18602378022B1DD180
:100C9000164B5B694BB1E01C98472378032B04D1BA
:100CA000124B9B690BB16088984706F0E7FE104B2A
:100CB0001860BDE8384001F04FB80B4B186806F0DB
:100CC0001FFF07280AD92378013BD8E7012BE4D17D
:100CD000064B1B69002BE8D0A01CDDE738BD00BF28
:100CE0001C100020A421002020100020700C0020E7
:100CF000241000201FB500234FF4E122CDE900238A
:100D0000CDE9023340B108F09BFB1248694608F078
:100D1000A3FB05B05DF804FB69460E4808F09CFB98
:100D200040F2823204214FF0904009F0BFFA40F2C5
:100D3000823208214FF0904009F0B8FA01222021B8
:100D40004FF0904009F0B2FA4FF0904320221A83FE
:100D5000DFE700BF486900202DE9F04F91B005465C
:100D60000C46924600211F463C2201A80091384EB5
:100D70000AF0DCFD17B933780133337033780BB9DF
:100D8000012333700027B9464FF0904317F0010F4D
:100D90004FF0200214BF1A835A83302383F3118843
:100DA00007F0BFFF804689F31188DFF8B4B007F081
:100DB000B8FF2849284AA0EB0800DC46CE46E0FBF5
:100DC00001CE002371466046FFF796FAB0F57A7FB0
:100DD000EDD30137032FD7D14FF0904320221A8350
:100DE00029192B4600278B422DD1AA238DF80030DC
:100DF0000AF155038DF80130A31C8DF80230C4F1BF
:100E0000FD038DF80330224633788DF804302946EF
:100E10000DF105000AF0D6FD10AA631D52FA83F306
:100E2000694603F8407CA31D52FA83F33F0AE21D92
:100E300003F8407CD2B24FF0FF33084808F060FA64
:100E400011B0BDE8F08F13F8012B3A4497B2CAE70E
:100E50002A10002040420F00A0860100786900207F
:100E60009F8601000B4B70B53F22044600211846B7
:100E70000AF05CFD1122451E214600F8012C0822D3
:100E80000AF0A0FD28460023BDE870400122092198
:100E9000FFF762BF2C1000200B4B70B53F220446B9
:100EA000002118460AF042FD1222451E214600F894
:100EB000012C14220AF086FD28460023BDE870406C
:100EC00001221521FFF748BF2C1000200C4B10B554
:100ED0003D220446002118460AF028FD034613224D
:100EE00000F8024C240A03F8032C00F8014C0338E4
:100EF000BDE81040002301220721FFF72DBF00BFEE
:100F00002E100020C0B2822810B512D1094B3E220B
:100F1000002118460AF00AFD03461422023803F89D
:100F2000022C01224270BDE8104000230221FFF78D
:100F300013BF10BD2D100020114B10B53F220446E9
:100F4000002118460AF0F2FC162300F8013C6378F1
:100F500000F80139A378837043F3C013C370E378BA
:100F6000037143F3C0134371237983716379C371B0
:100F70000023BDE810401A460821FFF7EDBE00BF70
:100F80002C1000207FB506460C463E220021194851
:100F9000194D0AF0CBFC194A6E7007CA01AB83E801
:100FA0000700002C08BF1C4621232B706388AB7000
:100FB0006388A6681B0AEB7023792B7163796B71C8
:100FC000A379AB71A6B13046FFF7B0F931460246BE
:100FD000E81D0AF0F7FCA068FFF7A8F9C11DC9B227
:100FE00005480023012204B0BDE87040FFF7B4BEFD
:100FF0000721F5E72D1000202B10002040C7000826
:101000000D4B70B53C2205460C46184600210AF0EF
:101010008DFC0346222200F8024C240A03F8042C1B
:1010200000F8035C00F8014C0438BDE87040002370
:1010300001220421FFF790BE2F10002010B5084CAC
:101040003F22002120460AF071FC232304F8013CD2
:10105000601E0023BDE8104001220221FFF77CBE84
:101060002C10002010B5084C3F22002120460AF029
:101070005DFCA42304F8013C0023601E1A46BDE871
:1010800010400121FFF768BE2C1000200D4B70B5F9
:101090003D2204460D46184600210AF047FC03464F
:1010A000252203F8032C084B00F8024C1C7000F8B2
:1010B000015C00230338BDE870401A460321FFF7A6
:1010C0004BBE00BF2E100020980C00200B4B70B5BB
:1010D0003F220446002118460AF028FC4122451E02
:1010E000214600F8012C16220AF06CFC2846002349
:1010F000BDE8704001221721FFF72EBE2C10002002
:1011000070B50546FFF712F90B4B04463F2218460F
:1011100000210AF00BFC4522294600F8012CE2B21E
:10112000461E0AF04FFC611C30460023BDE87040AB
:101130000122C9B2FFF710BE2C10002010B5084CD8
:101140003F22002120460AF0F1FB712304F8013C04
:101150000023601E1A46BDE810400121FFF7FCBDC8
:101160002C1000200A4B10B53E22044600211846E0
:101170000AF0DCFB0346722203F8022C00F8014C53
:1011800000230238BDE810401A460221FFF7E4BDF3
:101190002D1000200A4B10B53E22044600211846AF
:1011A0000AF0C4FB0346732203F8022C00F8014C3A
:1011B00000230238BDE810401A460321FFF7CCBDDA
:1011C0002D1000202DE9F0414FF0000888B01446A2
:1011D00006460D461C22414601A81F460AF0A6FB02
:1011E0004AF60323ADF8003057238DF8023022462B
:1011F000E34329460DF107008DF804308DF80340D4
:101200008DF805708DF806600AF0DCFB2021684639
:1012100006F08CFF192C14D91F2241460DF1010054
:101220000AF084FB032305F11901A4F119020DF161
:1012300001008DF800300AF0C5FB2021684606F059
:1012400075FF08B0BDE8F081F0B40378AA2B04461E
:101250003DD14278A2F15503012B38D8C17883786B
:10126000C943C9B28B4232D11B2B30D86FF0030C6B
:101270000530261D0025991EACEB040C0CEB06076F
:10128000B9421FDC0344EEB213F8027CB7421ED110
:1012900013F8013CB3EB152F19D10E4B25791E78AD
:1012A0006479AE4204F0F00416BF1D7001230023E0
:1012B000602C0CD1A2F1560462426241C9B2F0BC6A
:1012C000FFF74ABD16F8017F3D44ADB2D6E7F0BC4A
:1012D000704700BF291000202DE9F041904D914E3C
:1012E0002B788AB03BB9904F72693B789A423DD2D5
:1012F0000AB0BDE8F0817369042BF9D900211C22E2
:1013000003A802910AF012FB4FF0FF3106F10C0026
:1013100007F051FFAA2825D14FF0FF3106F10C004C
:1013200007F049FF57281DD102AF032406F10C082E
:101330004FF0FF31404607F03EFF013C14F0FF0440
:1013400007F8010BF4D19DF808209DF80910D3434C
:10135000DBB2994206D1744B2C701A70734B9DF816
:101360000A201A702B78002BC2D1BCE700241C2263
:10137000214603A802940AF0D9FADFF8BC813B7831
:10138000E6B2B3424CD8012200202A7002AC0246D9
:10139000991E814250DC2831694411F8200CD1B2E9
:1013A0008842A5D103F12801694411F8211CB1EB51
:1013B000122F9DD19DF80820D91E5C4BA13A1B78B5
:1013C000C9B2142A94D801A050F822F0451400089C
:1013D000D5140008FF140008F1120008F1120008EB
:1013E000F1120008F1120008F1120008F1120008D1
:1013F000F1120008F1120008F1120008F1120008C1
:10140000F1120008F11200088F140008F112000810
:10141000F1120008A5140008C91400080D150008F1
:101420000021404607F0C7FE06F128030DEB030636
:10143000013406F8200CA2E714F8015B2A4492B2AA
:101440000130A6E79DF80A30142B10D8102B10D9C4
:101450009DF80B00022811D0032814D000287FF437
:1014600047AFFFF7E5FB0320FFF7D6FB40E7162B5E
:10147000EED00DF1090001F09FFB39E70020FFF7E6
:10148000D7FB0820F0E70A20FFF7D2FB30E79DF8F2
:1014900009308DF8053001238DF804300198FFF7ED
:1014A000C5F825E7FFF7DEFD9DF80930203BDBB2EC
:1014B000052B3FF61DAF1E4AD35C9DF80B208DF81F
:1014C0000520002BE8D113E79DF809308DF8053091
:1014D0000923E1E79DF80B30002B7FF409AF9DF85D
:1014E0000A30252B7FF404AF124C2378052B03D14F
:1014F000BDF80C0001F096FBFF232370F8E60A46C6
:10150000A3200DF10901FFF75DFEF1E69DF809301A
:10151000012B7FF4EDAEBDF80A0001F083FBE7E696
:101520006F0C0020486900206E0C0020281000205D
:1015300067C70008980C0020546900202DE9F0418D
:101540001348144F132200210AF0F0F900254FF040
:10155000010857F8044B24F00F0604F00F0408FAB2
:1015600004F40135214601223046EDB208F09EFE1A
:10157000A4B2032D7483ECD1012210214FF09040CE
:1015800008F094FE4FF0904310225A83BDE8F0819A
:10159000CA65002070C7000808B505F0EBF918B956
:1015A000BDE8084005F0CABA08BD05F0D3B908B5D2
:1015B00005F0E0F9003818BF012008BD10B5074C50
:1015C00008221C21204603F037FD2378032B03D883
:1015D000BDE8104004F0FEB910BD00BF1066002049
:1015E000054B1B682BB9054B987B003818BF0120B1
:1015F00070470120704700BF70100020CA650020AE
:1016000008B5084B00229A73FFF7D8FFFFF7CFFF0A
:1016100018B1BDE80840FFF7BFBFBDE8084005F0BE
:1016200099B900BFCA65002010B578B10A4C23688B
:101630003BB906F023FA094B40F001001860206026
:1016400010BD06F01BFA40F00100F8E74FF09043A0
:1016500010225A83F4E700BF70100020741000209D
:1016600070B5114C2068F0B106F04AFAB0F57A7FF7
:1016700019D94FF090450D4E6B6983F010036B61E3
:1016800006F0FCF940F001002060306806F038FAFE
:1016900042F21073984206D92A69C2F30013D206A7
:1016A0005CBF2360336070BD741000207010002098
:1016B00070470000F8B500F0AFFE58B100F026FB0F
:1016C000022839D100F096FD30B1002211461046B3
:1016D00004F0EEFD0020F8BD01F00EF808B101F0B5
:1016E00013F8174EB47B3CB3737B164D04F00F0414
:1016F000ABB100221146104604F0DAFD96F90E3027
:101700002544002BACBF0023002215F8010CB9BF03
:10171000FF2311461A46194604F08EF9DAE70A4FFC
:101720003A789442EAD0A818194610F8010C1A46E3
:1017300004F082F93C70E1E7FFF7BAFFCAE700BFA7
:10174000CA6500207CC70008990C002070B502789B
:10175000804B814C052A18BF1A701B78A27B042B82
:1017600004D8DFE803F087031263A9007B4B002154
:101770001980002A40F0DB80002202F00F02A273E1
:10178000FFF798FF0023A37346E0002A44D0207C93
:10179000E17B41EA0021607C41EA0041A07C02F04B
:1017A0000F03013B51EA0061DBB20DD0022BE4D8FC
:1017B0006B4951F82310012321F00F0001F00F01B4
:1017C0008B409BB24383D8E762F07F02A17AA27379
:1017D000627A42EA0122E17A42EA0142217B52EA3C
:1017E00001621FBFC2F30721E2732174C2F30741F4
:1017F0001EBF120E6174A274022B43D8584A52F8CD
:101800002320012322F00F0102F00F0293409BB22C
:101810000B83A37B002B35D1FFF7D0FE05F0AAF890
:1018200000282FD1BDE8704005F094B8002AF3D00D
:10183000237CE17BA578607841EA0321637C41EA5F
:101840000341A37C51EA036140EA0520434D1AD1CC
:1018500062F07F02A27328802B88A27B002B88D0A5
:101860000B44C3F30721E3732174C3F307411B0E39
:101870006174A374002ACFD002F00F03013BDBB2E6
:10188000022B58D970BDA67A637A43EA0623E67A1A
:1018900043EA0643267B43EA066302F00F02181A66
:1018A000A2732880002BD7D09942D5D9002A3FF4C3
:1018B00063AF531EDBB279E7002AADD0110647BFF4
:1018C000A3796179A378617841EA0321234B48BF6A
:1018D00002F00F02198056BF62F07F02A273A2735A
:1018E000637AA27A207B43EA0223E27A43EA024344
:1018F00053EA0063A27B0CD0257CE07B40EA052004
:10190000657C40EA0540A57C40EA05608342FFF41F
:1019100030AF00293FF42DAF207CE37B43EA002366
:10192000607C43EA0043A07C43EA006398E702F04E
:101930000F03013BBEE712063FF560AF084A52F8BD
:101940002320012322F00F0102F00F0293409BB2EB
:101950004B8397E77C100020CA6500207E10002092
:1019600070C7000870B505460C4600F0CFF9022894
:1019700044D1564A1378A342554B13D11A78AA4240
:101980003CD01D7006F07AF8524B1860FFF704FE49
:1019900005F048F9AB1E042B2ED8DFE803F0114008
:1019A0005E738D00022D2AD11A78022A26D01D706E
:1019B00006F064F8474B1860FFF7EEFD05F032F9CA
:1019C000454B013C53F82420444C22F00F010123E5
:1019D00002F00F0293409BB24B83132240492046F2
:1019E00009F0F0FF2046FFF7B1FE00F003FC40B124
:1019F0004FF47A7005F010F93A4B1D7070BD1470F9
:101A0000BFE7A37A607A40EA0320E37A40EA034022
:101A1000237B50EA03604CD049F6404319E0314B38
:101A20002E4E1B78032B08D02F491322304609F085
:101A3000C9FF3046B473FFF789FEB37A707A40EA83
:101A40000320F37A40EA0340337B50EA036030D04E
:101A5000264B984238BF1846CCE7204E2449132223
:101A6000304609F0AFFF64F07F043046B473FFF7EF
:101A70006DFEB37A707A40EA0320F37A40EA0340BD
:101A8000337BC6E7154E1B491322304609F09AFFF7
:101A900064F07F043046B473FFF758FEB27A737A6D
:101AA00043EA0223F27A43EA0243327B53EA0260BA
:101AB000B1E74FF0FF309DE709490848132209F0CC
:101AC00081FF0648FFF742FE642093E76C10002078
:101AD0006B1000207810002070C70008CA65002035
:101AE0007FC7000880100020A5C70008C027090094
:101AF000B8C7000892C7000810B500F099FE0A4B5D
:101B00009B7B6BB1094C206805F0FAFF084B1B88E2
:101B1000984205D30748FFF719FE05F0AFFF206094
:101B2000BDE81040FFF79CBDCA650020781000207A
:101B30007E1000207C10002070B5054601F098F959
:101B40000446A0B1284601F095F904F013FF0546BC
:101B500068B9084E736998472A462946284604F012
:101B6000A7FBFFF7A5FDF368984733699847204620
:101B700070BD00BFECCC000808B5FFF799FD08BDAB
:101B800001207047704708B501F032F8FEF792FF68
:101B9000FFF7F8FF00F0BAF8012803D1BDE80840CC
:101BA00000F0BAB808BDFFF7EEBF000010B504465C
:101BB00088B070B105F0A2FD0E4B834218D01846D4
:101BC00005F096FDFEF748FE08B0BDE81040FEF7B0
:101BD0008DBDFFF715FDFEF77FFF032808D12022FA
:101BE0002146684609F0A2FE024B68465B689847AA
:101BF00008B010BD5C0C002000B5014689B050B1A2
:101C000005F07CFD0B4B834211D0184609B05DF8FE
:101C100004EB05F06DBD084B1B78042B07D1202287
:101C2000684609F083FE034B68465B68984709B035
:101C30005DF804FB900F0020A86900202DE9F8430F
:101C40002D4C2378834254D0207001F077FC20780B
:101C5000012828D0022839D0302383F3118807F0D7
:101C600060F80023054683F31188DFF89C80234E3B
:101C70004FF47A79002707F054F84446401B0021BE
:101C8000E0FB094132463B462046FEF735FB632820
:101C9000F1D904F02DFE4FF0FF3004F0BDFFBDE898
:101CA000F84304F0BFBFFFF7A7FF0020FFF77EFF58
:101CB00000F06CF8124913480B780278DC0964F3E1
:101CC0004102027062F3C7130B70C5E70120FFF7F2
:101CD0006DFF0020FFF790FF00F03EF8084909482B
:101CE0000B780278DC0964F300020270C2F3400250
:101CF000E8E7BDE8F88300BF9A0C0020A086010049
:101D0000DE650020811000209F860100014B1878BD
:101D1000704700BF9A0C002010B50E4C2378052B9D
:101D200017D12378052B07D04CF2503006F00BFF6B
:101D3000BDE8104002F060B805F06BFE05F050FE03
:101D40000028EED0034807F06BFC024806F078F953
:101D5000E7E710BDA869002008B5044B00221A70FF
:101D600005F08CFE024B186008BD00BF9C100020DF
:101D7000A010002008B504482022022108F096FA9D
:101D8000BDE80840FFF7E8BF00040048024A00230E
:101D90001370024A136070479C100020A0100020AE
:101DA000034B186980F00200C0F34000704700BF89
:101DB0000004004870B5134C26784EB9124D2868BF
:101DC00005F09EFEB0F57A7F82BF012323702E605E
:101DD000FFF79CFF022813D123788BB1FFF700FC9B
:101DE00070B904F031FF58B108490948182209F0C8
:101DF0008DFD28B900F040FA10B9052000F08CF8EC
:101E000070BD00BF9C100020A01000208410002096
:101E1000F8650020023807286DD8DFE800F0046C70
:101E20000F1C2B394C5E354B1B78002B63D1344A89
:101E3000136923F004031361012070472F4B1B78B3
:101E4000002B58D12E4A136943F0040313612D4B24
:101E50001A681A60F0E7294B1B78012B4BD8284AE7
:101E6000136943F004031361264A136843F0010326
:101E70001360E1E7214B1B78002B3CD1204A13690A
:101E800043F0040313611F4A136843F00203EFE7B2
:101E90001A4B1B78012B2ED8194A136943F00403FF
:101EA0001361184B1A6842F003021A609A6842F4F0
:101EB00080729A60C0E7114B1B78012B1BD8104A27
:101EC000136943F0040313610E4B1A6842F00302D6
:101ED0001A609A6822F48072EBE7084B1B78012B9A
:101EE00009D8074A136943F004031361054A1368CC
:101EF00043F00403BCE70020704700BFA41000209B
:101F000000ED00E000700040024A536843F4806333
:101F100053607047007000402DE9F041022886B000
:101F2000044600F202812046FFF774FF002800F00B
:101F30000181824807F0E9FA814A936D23F4004356
:101F40009365D2F8043823F48063C2F8043830274C
:101F500087F31188022206214FF0904008F028FAFA
:101F6000002585F3118887F3118876480322012123
:101F700008F01EFA85F31188734E0FCE6C460FC41D
:101F800096E803002E4684E803006C4654F8043BB0
:101F900001330CD087F3118854F8040C032200F0AD
:101FA0000F0120F00F0008F003FA86F311880135C5
:101FB000EDB2062DEAD1FEF76DFA40224FF48071A2
:101FC0004FF0904008F072F930BF302383F311884E
:101FD0005E4C6123236023689807FCD50023A3602F
:101FE000A36813F00C0FFBD169232360D4F894305D
:101FF00023F4706343F4C063C4F89430236843F45B
:102000008073236023685905FCD5514BE360236836
:1020100043F08073236023689A01FCD50023A360FA
:102020004C4A4D4BC4F88830136823F0070343F043
:1020300002031360136803F00703022BFAD1A368AD
:1020400043F00303A360A36803F00C030C2BFAD145
:10205000002383F31188414B1B680BB10120984783
:10206000302686F311883E4A136923F00403136176
:102070003C4B9A6942F01F029A619A6942F480725D
:102080009A6106F04CFE002705F0F6FC87F31188F4
:1020900000F06EF8DFF8D48058F8043B01330BD021
:1020A00086F3118858F8040C00F00F0120F00F009F
:1020B00008F0AEF987F31188013D15F0FF05EBD16B
:1020C000302686F3118806214FF0904008F0A0F9E1
:1020D00085F3118886F311881A48012108F098F9D0
:1020E00085F31188FFF75CFE70B1D4F8983043F0A7
:1020F0000103C4F89830D4F898309B07FBD50F48FB
:10210000FFF702FF05F09EFF05F09AF9012005F0A8
:1021100079F9FFF721FEFEF705FD02F0F1FA02F072
:102120008FFA114B00221A7004E0FFF739FE0028E5
:102130003FF4F9AE06B0BDE8F08100BFA869002009
:1021400000680040000400484CC70008001002402E
:10215000120C00010020024055550130700C002087
:1021600000ED00E000700040A4100020440C0020AE
:10217000704702210520FEF789BF0000014B18803F
:10218000704700BF9C0C0020144B1B8841F20402D6
:1021900093421FD840F6AC5293420CD9502253437D
:1021A000A3F58823A3F5B8634FF41672B3FBF2F0DE
:1021B0001430C0B2704740F6E44293420CD9142266
:1021C00002FB03F0A0F58030A0F5E870C823B0FB57
:1021D000F3F0EEE764207047002070479C0C00206D
:1021E000034B18780A2894BF00200120704700BFD5
:1021F000A7100020034B1878142894BF002001205A
:10220000704700BFA610002008B50B4B1A8840F697
:10221000AB539A420ED8094A13780A2B0AD80133D5
:10222000DBB20B2B137005D10120FFF7FDF9044B36
:102230000F221A7008BD00BF9C0C0020A7100020C0
:10224000A51000200A490B4A0888137840F6E3419C
:10225000884208D8142B0AD80133DBB2152B13702F
:1022600005D1FEF755BB142B9CBF0023137070479C
:102270009C0C0020A6100020034B18780E288CBF61
:1022800000200120704700BFA510002070B5214E2E
:10229000306800F003FB0546FFF738FD022828D11F
:1022A000FEF71AFC032824D11B4C23780E2B12D8DE
:1022B000FFF77DF978B9C82D1BD9FFF7A5FFFFF708
:1022C000C1FF00F0DDFA154B984208D900233360B6
:1022D00000F0C6FA04E040F6B8339D42ECE7306007
:1022E000FFF747FF23780133DBB20F2B88BF0F23A3
:1022F00023700B4D0B4C2B782278134309D0FFF73A
:102300004FFD30B1002028702070BDE87040FFF70D
:102310008BB970BDA8100020A5100020005C260518
:10232000A7100020A610002008B505F0A7FB20B1DB
:1023300005F0A4FB024B186008BD0120FAE700BFBE
:10234000B81000204A284ED004D80D2819D01D28D6
:1023500025D0704720F0020345F22122934202D09B
:102360004F2826D07047294A8978137819B143F04D
:1023700001031370704723F001031370244B19609D
:102380007047224A8978137831B143F00203137001
:10239000072B27D1FFF7C8BF23F00203EDE71B4A45
:1023A0008978137811B143F00403F0E723F00403B4
:1023B000E3E78A787AB1174A13782BB10133DBB29D
:1023C000042B88BF0123D4E7104A137843F0080395
:1023D0001370192BDDE70D490B7823F008030B7000
:1023E0000B4B1A6070478A7852B10A4B1A7812B1B7
:1023F00000221A707047054A137843F01003E7E78C
:1024000002490B7823F01003E9E700BFB510002064
:10241000B8100020B410002008B5134B1878134BE7
:1024200050B100F00100002201381A701146C0B20C
:1024300003F03EFF012008BD1B78002BFAD0013BC2
:10244000032BF7D8DFE803F002060A0CFF22FF2176
:102450001046EDE700221146FF20E9E70022F6E7EB
:102460000021FF220846E3E7AD100020B410002051
:1024700070B5294D294C286850B305F041FB40F652
:10248000B833984224D900232B60254D2B78072B95
:1024900030D105F0F3FA58B305F0F0FA214A206084
:1024A000137801331370204B1E8801F0BBFD3046BA
:1024B00001F0A1F804F05EFA08B904F059FB04F049
:1024C00017FAFEF73BFE194B01221A7000232B70FE
:1024D000206860B105F014FBFA2808D9114B1A786E
:1024E000511C062A19700ED900221A70226070BD84
:1024F0000120D3E7192BE9D104F03CFA08B904F024
:1025000037FB0B4BE0E705F0B9FA18B105F0B6FA66
:102510002060ECE70120FBE7B8100020B01000209D
:10252000B5100020AD10002038110020E810002068
:10253000B410002070B5002488B005460E461C2259
:10254000214601A8009409F0F1F9AB23324629464F
:102550000DF101008DF8003009F034FA6A460123CC
:1025600012F8011F0133DBB20C441D2BA4B2F7D1CA
:1025700020216846ADF81E4005F0D8FD08B070BDBA
:1025800010B50378AB2B88B021D1024600F11C01B5
:10259000002312F8014F23448A429BB2F9D1817F74
:1025A000DAB2914213D1C27FB2EB132F0FD143782D
:1025B000013B062B0BD8DFE803F0040C0A1A430A90
:1025C0004F00294B82781A70284B00221A6008B0FD
:1025D00010BD8378002B264B14BF012200221A70F5
:1025E000F5D0012008B0BDE8104004F00BBF83789F
:1025F000A22B0CD0A32B13D0A12BE8D1C07800388C
:1026000018BF012008B0BDE81040FEF7ABBDC1788F
:102610004FF09043202209B11A83D8E75A83D6E7B6
:102620004AF20433ADF800304FF090431B69C3F316
:102630008013032168468DF80230FFF77BFFC6E761
:1026400005238DF80030FFF761FB0A4B8DF8010080
:102650001B69C3F34003ECE780784E28B7D808B075
:10266000BDE81040FEF796BDB4100020B810002061
:10267000AC10002000040048084B1B7807B54BB194
:102680004FF481738DF8061001A80321ADF80430D2
:10269000FFF750FF012003B05DF804FBAC100020F1
:1026A00010B50446FEF778FF0B4B01221A700B4B56
:1026B0001C7005F0E3F90A4B18600A4B00221A70EF
:1026C000094B96221A60094AFF231370084A1370B7
:1026D000084A137010BD00BFCC100020C5100020A8
:1026E000C8100020C4100020C0100020BC10002022
:1026F000BD100020BE100020024B1878003818BF13
:1027000001207047CC1000202DE9FF4117490A2213
:1027100001A809F057F90024002320461A4619465B
:10272000013403F089F9582CF6D1114B1B7803F0D2
:10273000FD03012B0CD10F4E0F4FDFF8448001AC8D
:1027400000250A223378B3FBF2F3EAB2934202D8AF
:1027500004B0BDE8F08109493B7898F80020097879
:1027600014F8010B03F068F90135EAE7CBC700085C
:10277000CC100020C4100020BC100020BE1000208F
:10278000BD10002010B5214A1378022B16D0032B60
:102790002CD0012B07D11E491E480B780078984297
:1027A00006D90A330B7005F069F91B4B186010BD90
:1027B0000BB90A230B7002231370F4E7154B17496A
:1027C0001B78174C1D2B174B0AD8FF2008700021CF
:1027D00019702170144B40F6B83119600323EBE7F0
:1027E00000200870FF2120701970F3E70023137098
:1027F000FEF7E4FE0D4B9B7B002BD4D104F0BAF81E
:102800000028D0D1FEF7D1FECDE700BFCC100020CC
:10281000C4100020C5100020C8100020BE100020E9
:10282000BC100020BD100020C0100020CA65002090
:1028300008B5084B1B785BB1074B186805F060F9C9
:10284000064B1B68984203D9BDE80840FFF79ABFC2
:1028500008BD00BFCC100020C8100020C010002010
:1028600007B5002304486946CDE9003306F0C2FDF0
:1028700003B05DF804FB00BF3C690020FFF7F0BF28
:1028800007B50548694606F0B7FD019820F0784085
:1028900003B05DF804FB00BF3C69002010B504469E
:1028A000FFF7EEFF001B10BD00780021FDF706BF0B
:1028B0007FB50F48FEF724FC4FF47A7006F043F919
:1028C0000C4A0D494FF4A023CDE900234FF02073AB
:1028D000CDE90213684600230493ADF81430FEF7E7
:1028E000F5FB4FF47A7006F02EF907B05DF804FBA3
:1028F000D6C7000802201CB45A00000138B50D46A6
:10290000044628B9002914BF0420012000F073FEFA
:1029100029462046FFF7B0FE012038BDF8B5A0F5E6
:10292000FC43A3F1400204460D460C2A00F28380CA
:10293000DFE802F00707070714141414374A4A4A5D
:1029400074003F4B034413F8400CAB781BB100F00C
:1029500009FB0020F8BD00F053FBFAE7AD78394ED3
:10296000CDB9A3F1440406EB840716F82420EBB29A
:102970009A42EED93B440135587800F041FBF4E728
:102980003B440135587800F0EDFA16F82420EBB2FC
:102990009A42F5D8DDE7A3F14404002506EB84074D
:1029A000F3E7AB78002BD4D0274C2368002BD0D191
:1029B000E32000F0D7FA2C2000F0D4FA05F05EF8FE
:1029C00040F001002060C4E7FFF7A0F9022818D109
:1029D000AA781E481E4D3023AAB1483C2C7083F3C0
:1029E000118803680BB105F0FDFE194B194A1A490D
:1029F000164805F0EDFE002181F311882878FDF7D7
:102A000007FF0120A6E72A7083F3118803680BB142
:102A100005F0E8FE002383F31188F2E7FFF776F96B
:102A20000228EED1FFF7BCF90028EAD1FFF7ACFB92
:102A3000FFF736FEE5E72946FFF784FCE1E700BF34
:102A4000E6490008A00C0020EC100020D010002067
:102A5000CD100020A9280008400D030010B501206A
:102A600004F0D0FC4FF0904401224FF400714FF07D
:102A7000904007F01BFC4FF40073A36100224FF459
:102A80008061204607F012FC0020FEF733F9FDF7C5
:102A9000EFFD04F0F3FF074B40F001001860102336
:102AA000238380232383044B0822BDE810401A832C
:102AB00001F0F0BAF0100020001C004838B5274C97
:102AC0002068B0B105F01CF8B0F5FA6F11D9244BAD
:102AD00019780022226061B14FF090441A704FF0D3
:102AE0000073A3614FF4FA7006F02DF84FF40073F1
:102AF000A3611C4D2868A8B105F002F840F6B83370
:102B000098424FF09044184B4FF0100220D900210A
:102B10002960628308225A8304F0FEFD830701D4F2
:102B200080236383114C206860B104F0E9FFB0F5A5
:102B3000FA7F07D90023E320236000F061FA2C20FC
:102B400000F05EFAFFF794FCBDE8384001F06FBD7D
:102B5000228308221A8380232383E3E7F4100020D2
:102B6000E8100020F0100020001C0048EC100020AD
:102B70000E4B1B7810B52BB1FFF79AFE04F07EFFC9
:102B80000B4B18600B4C237873B104F077FFB0F552
:102B90007A7F09D2FFF7BAF8022805D1FFF788FE3D
:102BA000FDF7A4FD0023237010BD00BFE810002036
:102BB000F41000209F0C00207FB54378452B10D1E6
:102BC000094A0A494FF4A023CDE900234FF02073AE
:102BD000CDE90213684600230493ADF81430FEF7E4
:102BE00075FA07B05DF804FB02201CB45A0000011E
:102BF0004FF090430A491A690878C2F38022824252
:102C00000DD01A69C2F38022904208D01869C0F32F
:102C100080200870C0F10200C0B2FFF70FB8704703
:102C20009E0C002010B540F6C60303FB00F44FF4E1
:102C30007A73B4FBF3F4A4B203F09CFE20B92046EF
:102C4000BDE81040FFF79ABA00220D491346013241
:102C500011F8010BD2B2C02A0344F8D1094900226D
:102C6000013211F8010FD2B2C02A0344F8D13C223C
:102C700002FB03F0044BB0FBF3F0204484B2DEE728
:102C80004566002004670020FB03010008B50378B7
:102C9000AA2B03D0AB2B05D0002008BDFEF7D4FA39
:102CA0000120FAE7FFF76CFCFAE70378AA3B012B57
:102CB00001D8FFF7EBBF704703280DD805290BD8C3
:102CC000102A09D801EB0111662303FB001002440E
:102CD000024B33F8120070470120704746C90008C4
:102CE000FFF7EABF0120704701207047704708B521
:102CF000FFF7FCFF08BD000013B502AB03E90300BA
:102D00000F4B1B78B3B99DF8023073B16AB100F074
:102D100041FD04460146009800F008FD0099204658
:102D200002B0BDE8104001F03FBB009800F01AFD72
:102D30000446F3E7009800F02DFD0099F0E700BF8E
:102D400000110020034610B400885C880A4640EA5F
:102D5000044099885DF8044BFFF7CEBF012070470F
:102D600010B500210446FFF7EDFF2146FFF7BFFF36
:102D700010BD704708B500F0E1FBFFF7FAFFBDE8B2
:102D8000084046F2A81005F0DEBE08B5FFF7F2FFD6
:102D9000BDE8084004F0CCBE08B5FFF7EBFFBDE886
:102DA000084004F0CFBE38B501210546FFF7CAFF41
:102DB00029460446FDF796FEB0B32946204604F0A6
:102DC000D7FB88B32946204604F030FA60B3294681
:102DD000204604F043FB38B32946204604F0C6F9E8
:102DE00010B3AB787BB147F65A439C4223D00ED840
:102DF00047F601439C421BD047F603439C4215D043
:102E0000B4F5F84F0ED02846FFF76CFF0DE047F6FB
:102E10005B439C4212D047F65C439C42F3D101F0E5
:102E200079F8F0E7FFF7B1FF002038BD01F084F832
:102E3000FFF7B2FFF8E701F079F8E4E701F079F87D
:102E4000E1E708B504F0C3FD03F030FF00F030F80F
:102E5000BDE80840012003F0B9BF08B500F02DF827
:102E6000002003F0B3FFBDE8084004F0B5BD704793
:102E7000012070474FF0904310F0020F4FF0800296
:102E800014BF1A835A83704708B5012280214FF07E
:102E9000904007F00BFA4FF0904380225A8308BD10
:102EA00010B50446FFF7E3FF2046FEF745FE10BDD0
:102EB00008B50020FFF7F4FF08BD08B504F024FCB6
:102EC000FFF7EEFF08BD000010B504F01DFC074B36
:102ED0001A788242044607D0187004F0CFFD044BE4
:102EE00018602046FFF7DCFF10BD00BFF81000207F
:102EF000FC10002010B586B06C4684E803009DF8F5
:102F000002300BB100F048FF0023ADF8163094E812
:102F1000030004ACADF81410049094E80300BDF86D
:102F2000143002904BB1BDF808204FF6FF739A425F
:102F300003D02046FFF712FF18B194E8030000F019
:102F400065FE06B010BD008800F046BC08B529B18A
:102F500001F060FCBDE8084001F03ABD01F0ACFCB6
:102F6000F8E7000010B50446002843D0031FDBB289
:102F7000A02B11D8204B0146186804F047FC20B163
:102F8000204600F0B5FE00F037FF204600F0A8FE16
:102F9000BDE8104000F030BF00F12003DBB2072B8A
:102FA00007D800F007040120A040C0B200F0CEFE18
:102FB000EEE700F15B03DBB2022B05D82438BDE855
:102FC000104080B204F0CEBB00F15803DBB21A2BE4
:102FD00006D80A4ABDE8104032F8130004F0DEBB00
:102FE0003334E4B2122C05D801F014FCBDE81040D3
:102FF00001F0EEBC10BD00BF1C0E002076CC000816
:1030000008B50346A0B3021FD2B2A02A05D800F02B
:103010006FFEBDE8084000F0EFBE00F12002D2B222
:10302000072A07D800F0070301209840C0B200F03B
:1030300095FEEEE700F15B02D2B2022A04D8BDE8A9
:103040000840002004F08EBB00F15802D2B21A2AC8
:1030500004D8BDE80840002004F0A0BB3333DBB245
:10306000122B05D801F028FCBDE8084001F0B0BCE7
:1030700008BD38B505460C46FFF774FF1CB9284655
:10308000FFF7BEFF38BD6420013C05F05CFDA4B233
:10309000F4E708B539280CBF50210021FFF7E9FFFC
:1030A00008BD08B528B100F051FEBDE8084000F0A9
:1030B000A3BE08BD08B528B100F050FEBDE8084029
:1030C00000F09ABE08BD00002DE9F84387798578A5
:1030D00081460C4600F02AFE3F090646F0B12E4616
:1030E000E5B1C4F3072303F0F002402A09D004F14C
:1030F0002002D2B2072A23D91FB903F0E003202B04
:1031000020D0A64B5E7816F0040607D0022000F00F
:10311000CDFE00F00BFE80F00106F6B2C4F30333DF
:103120000B2B6AD8DFE813F0100010003E003E00C1
:10313000C100D80069006900DD004201540154015A
:103140000026EBE73E46E9E7C4F30723C4F3032771
:103150000F2B88BF3F01E4B285B157B104F12003C2
:10316000DBB2072B384600D92CB900F0EFFD00F098
:1031700043FE20463FE000F0FFFDF8E72046FFF762
:103180003FFF002F39D004F12003DBB2072B384674
:1031900000D914B900F0E2FD01E000F0F5FD00F007
:1031A0002BFE2AE0C4F3072303F0F003C4F3032843
:1031B000202BE4B218BF4FEA081874B1012C5FD07D
:1031C000002D65D0002F5ED099F80630D807D0D5F5
:1031D0006FF3071389F8063055E0704B5B785C0796
:1031E0002BD415B3B8F1000F04D0404600F0AEFD6B
:1031F00000F002FE0020FFF7B5FE002E00F0448133
:1032000000F08CFD10F0010040F03E8189F80200D2
:1032100000F07CFD00F022FA484600F04BF900F087
:1032200075FDBDE8F84300F025BA2846FFF7E8FE33
:10323000B8F1000FE1D04046ACE795B13FB900F0DE
:10324000B1FD40EA0800C0B2FFF72BFFD5E7012F20
:10325000F5D100F0A7FD40EA0800C0B200F0AEFDD5
:10326000CBE72FB900F0BCFD4046FFF723FFC4E7D2
:10327000012FC2D04046FFF71DFF00F0B1FDBCE7B3
:103280001DB1052FB9D84046DEE7042FB5D8EBE7CE
:10329000002FE9D0392C0CBF4FF4FA50012005F073
:1032A00052FC2046FFF7ACFEA7E714F4406FC4F3CE
:1032B000812307D0012BA0D165B1C4F3090004F02C
:1032C0006DFA9AE725B1C4F3090004F04BFA94E7CC
:1032D0002846FAE72846F2E72946E0B2FFF736FE2D
:1032E0008BE714F4407F2DD1F5B9C4F34213E10606
:1032F0004FEA830348BF0F25DBB248BF9D4004F06F
:103300000F0248BFED4302FA03F2C4F3812448BF21
:10331000ADB292B2022C45EA02000DD0032C0ED0C1
:10332000012C06D000F072F904F0EEF9FFF7B8FDB9
:1033300063E700F063F9F7E700F070F9F4E700F0F5
:103340005AF9F1E7C4F3012215B3D207ECD5C4F35F
:10335000421314F010004FEA8303DBB21CBF0F20AE
:10336000984004F00F0202FA03F218BFC043C4F3FE
:10337000812414BF83B2034692B2022C43EA0200B6
:103380000ED0032C0FD0012C05D000F091F9CBE723
:10339000012AC9D9DBE700F083F9C5E7DE65002023
:1033A00000F08EF9C0E700F047F9BDE7E7B2C4F3DB
:1033B000032435B1204600F051F93846FFF771FE7D
:1033C000B2E73846FFF776FE204600F053F9ABE748
:1033D0005FFA84F8A8F1F003042B3CD8DFE803F08F
:1033E00003210D141D0035B1042F9DD8C4F3042012
:1033F00000F04AF998E7052FF7E7C4F30420002D01
:10340000E3D100F02BF98FE725B1C4F3042000F0DD
:103410001EF989E700F018F986E71C4B5B785B071B
:1034200004D4C4F30420002DCFD0EAE74DB1C4F397
:103430000424204600F012F90321204600F012FD7A
:1034400072E7012000F032FD012F7FF66DAF022000
:1034500000F02CFD68E73DB11FB14046FFF782FD4B
:1034600062E7C4F30420CCE75FB1B8F1390F0CBFB9
:103470004FF4FA50012005F066FB4046FFF7C0FD0F
:1034800052E7C4F30420A0E7BDE8F883DE6500201E
:1034900038B501880446807800F0AAF9054600F0A6
:1034A00017F900F0A7F829462046BDE83840FFF795
:1034B0000BBE000013B5044601460622684608F01C
:1034C00081FAA388F3B1BDF800204FF6FF739A424A
:1034D00018D02046FFF767FC70B900F027FC88B1D0
:1034E000A3787BB1084B5B785B070BD5022002B059
:1034F000BDE8104000F0DABC2046FFF7C9FF2046C7
:10350000FFF72EFC02B010BDDE65002008B50020DC
:1035100004F028F9002004F041F900F03DFC00F02F
:103520006BFC01F071FABDE8084001F051BA08B532
:1035300000F0E6FBBDE80840FFF7E8BF08B500F083
:1035400015FCBDE80840FFF7F2BFC0F30333062BBC
:10355000C2B213D094BF0E33063303F00F03012B16
:1035600010D8F02A10D004D8E72A8CBF0020012000
:103570007047F42A14BF002001207047E72A03D9BE
:10358000F12AF7E7002070470120704713B5044681
:1035900001460622684608F015FAA3886BB1BDF80B
:1035A00000204FF6FF739A4207D0208800F014F9EC
:1035B00002B0BDE81040FFF7C8BF002002B010BD48
:1035C00082B002AB03E9030002B0704782B002ABE5
:1035D00003E9030002B07047704708B5FFF7FCFF2E
:1035E00008BD000008B5FFF7F8FF014B188008BDC3
:1035F000381100207047FFF7F5BF0000024B1B8811
:103600001843FFF7EFBF00BF38110020024B1B88A3
:103610001840FFF7E7BF00BF38110020024B1B889E
:103620005840FFF7DFBF00BF38110020704708B5D2
:10363000FFF7FCFF08BD000008B5FFF7F8FF014BDE
:10364000188008BD361100200020FFF7F5BF0123C8
:1036500003FA00F080B2FFF7EFBF0000012303FA86
:1036600000F0034B1B88184380B2FFF7E5BF00BF93
:1036700036110020034A01238340108820EA03000A
:10368000FFF7DABF36110020012303FA00F0034BE5
:103690001B88584080B2FFF7CFBF00BF3611002013
:1036A000024B1B881843FFF7C7BF00BF361100202D
:1036B000024B1B881840FFF7BFBF00BF3611002028
:1036C000024B1B885840FFF7B7BF00BF36110020E0
:1036D000704701F0070330B5C908012402EB8102ED
:1036E0009C40E4B2013A002112F8015F20FA01F394
:1036F00043F300036B40234001315D400429157002
:10370000F2D130BD10B5002200F00704C00801EB73
:10371000800110468B5CE34003F0010393400132CB
:103720001843042AC0B2F5D110BD000017B40C46EE
:10373000C0F307210529ADF804000DD89DF8043029
:10374000102B09D803EB0113054A1944204603B096
:103750005DF8044BFFF7BDBF03B05DF8044B704745
:103760000111002082B0ADF80400C0F30720052845
:103770000AD89DF80430102B06D8054900EB00103C
:10378000184402B0FFF7BEBF002002B0704700BF70
:10379000011100200E4B73B51D880E4BADF80400CF
:1037A0001B881D43ADB20F2445FA04F3DB0705D493
:1037B000013CF9D20026304602B070BDE6B2019954
:1037C000304600F002FE80B20128F1D0F3E700BFDE
:1037D000361100203811002007B5ADF8040001981B
:1037E000FFF7D8FF019903B05DF804EB00F0EDBDE1
:1037F00013B5104BADF804101B782BB1019802B033
:10380000BDE81040FFF7E8BF70B10198FFF7C2FFB5
:10381000044601460198FFF789FF0199204602B04E
:10382000BDE8104000F0D1BD0198FFF79BFF0446B2
:10383000F3E700BF0011002084B06B4683E803006B
:1038400093E80300BDF80420029052B1BDF80800CF
:103850004FF6FF73C31A5842584180F0010004B07C
:1038600070470120F9E70000F8B50C4B0C4E1C78AE
:103870000C4D3378A34200D1F8BD05EBC40335F8F5
:1038800034005F889A88D98840EA074042EA0141BB
:103890000134FFF79BFE04F00704EAE73A11002029
:1038A0003B1100203C110020064B10B418885C88A6
:1038B0009A88D98840EA044042EA01415DF8044B05
:1038C000FFF784BE7C1100202DE9F047204CA3793E
:1038D0000F2B0CD8A37853B11E4B94F801801D78A0
:1038E0001D4B94F800901F781C4EBD4201D1BDE8DD
:1038F000F08723886088B4F804A043EA004051466A
:10390000FFF79AFF00B306EBC5035A7842451BD177
:1039100016F835204A4517D19A78AAB99A88A2EBA9
:103920000A0292B2C72A0FD8A2790948012161F38D
:103930000712A2719A7961F307129A71FFF7BAFD23
:10394000BDE8F047FFF790BF013505F00705CCE76C
:103950007C1100203A1100203B1100203C11002076
:10396000F0B50D4B0D4C1B7826780D4CB34201D1B0
:103970000020F0BD04EBC3056F788F4206D114F828
:103980003370874202D1AD78954203D1013303F001
:103990000703EBE70120ECE73A1100203B11002080
:1039A0003C1100202DE9F04F87B0974D02AE044640
:1039B00001460622304608F005F82A886888B5F8DE
:1039C00004B094F8008094F80190A778B4F804A0AB
:1039D000019242EA00405946FFF72EFF002800F00E
:1039E0000281AAEB0B0195F802B0019A89B2BBF1F2
:1039F000000F00F0C280C729AB7900F29D800F2B29
:103A000021886BD88A420DD167B9012262F307136E
:103A1000AB71FFF749FF2846FFF74CFDAB79A37167
:103A200000253DE096E803000DF1100A0490ADF882
:103A300014109AE80300FFF7FFFE28B127B93A46B1
:103A400049464046FFF78CFF96E803000490ADF826
:103A500014109AE80300FFF7EFFE064628B13FB1C5
:103A6000AB7943F00103AB71DAE7002FD8D0F7E769
:103A70003A4649464046FFF773FF05460028CFD136
:103A80000298FFF7A9FEC0F30332032AC3B20BD892
:103A9000012A13D910F4706F15D0A2790F2A12D809
:103AA000284607B0BDE8F08F063202F00F02012A67
:103AB0000ED92046FFF7FEFC3546F1E710F4706F93
:103AC00001D0002BECD02033DBB2072BE8D9F0E794
:103AD000EF2BE5D90F33DBB2022BF7E78A420CD18B
:103AE0005FB92046A371FFF7E5FC0822214628466E
:103AF00007F068FFFFF7D8FE3DE02046FFF746FDE0
:103B0000002867D0002F65D0AB791F2B0CD92A88ED
:103B1000ADF8102004A800228DF81220ADF814A0F2
:103B20008DF81630FFF7C6FC37480822214607F00B
:103B300049FFFFF7C9FEDDE70F2B0ED896E803001B
:103B4000FFF73EFD2846FFF7B5FC08220021284676
:103B500007F0ECFEFFF7A8FE62E721888A42CCD18D
:103B6000002FCAD12046A371FFF7A4FC08223946D2
:103B7000284607F0DBFE012592E7C7292ED84FB370
:103B800023889A421DD1AB79DA0714D40F2B12D9AE
:103B9000A37103F0F003F02B06D0A379C3F3031253
:103BA000013262F30713A3712046FFF783FC164826
:103BB000082221469CE708222146134807F002FF0D
:103BC000D9E72046FFF7E2FC0028ADD1AB7943F0FE
:103BD0000103AB712046FFF76DFCCCE796E80300CC
:103BE000FFF7EEFCB1E7002FF4D02046FFF7CEFC44
:103BF0000028EFD008222146284607F0E3FE284699
:103C0000FFF7A1F995E700BF7C110020F0B587B060
:103C10006C4684E803002046FFF7C4FE2C4F2D4D70
:103C2000064678B194E80300FFF706FE18B194E861
:103C30000300FFF7CBFC284C28783B7883422DD13A
:103C400007B0F0BD94E80300BDF80440029004AB57
:103C500083E803002A783878002CECD0BDF80840BF
:103C60004FF6FF718C42E6D0441C04F007049442E6
:103C700009D1FFF763FC0822314618483E702E70C8
:103C800007F054FED7E71946134B082203EBC00098
:103C900007F098FE3C70FFF7E7FDCCE704EBC000AF
:103CA000FFF780FE0028CBD02B7834F8330004EBEC
:103CB000C3035E889A88D98840EA064042EA0141F7
:103CC000FFF784FC2B78013303F007032B70B3E775
:103CD0003B1100203A1100203C1100207C110020F3
:103CE000024B0146186803F0F7BD00BF1C0E002010
:103CF000024B0146186803F009BE00BF1C0E0020ED
:103D0000014B186803F01CBE1C0E0020024B93F9F7
:103D10000000C0F3C7007047A4110020024B1878C0
:103D200000F00700704700BFA4110020034B187873
:103D300010F0070018BF0120704700BFA411002039
:103D4000014B1878704700BFC7110020024B1A784A
:103D500010431870704700BFC7110020024A137843
:103D600023EA000313707047C7110020014B0022A3
:103D70001A707047C7110020024B1A781043187050
:103D8000704700BFC6110020024A137823EA0003DF
:103D900013707047C6110020014B00221A70704743
:103DA000C6110020014B1878704700BFA5110020F4
:103DB000704708B5FFF7FCFF08BD0000064A5278BF
:103DC000520708B506D5054A1178814202D0107015
:103DD000FFF7EFFF08BD00BFDE650020A511002042
:103DE00008B5044B1A781AB100201870FFF7E1FFEC
:103DF00008BD00BFA511002010B5124B124A1B7858
:103E00001278124C1343124A20681278037032B1B0
:103E10001343037003F0DEFC08B1FFF7E1FF2468F1
:103E20000C492022204607F071FD48B1214609487F
:103E3000202207F0C7FD2046BDE8104003F070BC0B
:103E400010BD00BFC7110020C61100201C0E0020AD
:103E5000A511002084110020704708B5FFF7FCFF72
:103E600008BD00000A4A5278520710B50CD5094C1B
:103E700041EAC0012170FFF7F1FB94F90000C0F3A3
:103E8000C700FFF7EAFF10BDBDE81040FFF7E6BB33
:103E9000DE650020A411002008B5034B0020187037
:103EA000FFF7DBFF08BD00BFA411002008B50C4AD6
:103EB00092F9003023EA000040B2107042070ED1A0
:103EC000DBB283420BD0074B5B785B0707D5C0F3AF
:103ED000C700FFF7CFFBBDE80840FFF7DDBF08BD17
:103EE000A4110020DE650020094A08B55378C3F309
:103EF000800181420AD060F382035370108800F081
:103F000038F8BDE808400220FFF7D0BF08BD00BF69
:103F1000DE650020044B5878C0F3800080F001007B
:103F200000F00100FFF7E0BFDE6500200120FFF791
:103F3000DBBF0020FFF7D8BF08B501F07BF8BDE874
:103F400008404FF6FF71002000F0BEBE08B500200B
:103F500000F053FE4FF6E763C31A5842584108BDBC
:103F6000022000F03BBE032000F038BE042000F029
:103F700044BE0146042000F0A7BE01460F2000F019
:103F8000B1BE0146132000F0ADBE0020FFF7F9BF1F
:103F900008B50020FFF7F1FFFFF7F7FF08BD0000AD
:103FA00010B501F047F84FF6E761002000F08CFEF5
:103FB0000021022000F07AFE0021032000F076FEAE
:103FC000174B00244FF4A05104201C8000F07CFE0D
:103FD0002146062000F06AFEFF21072000F066FE61
:103FE0002146082000F07EFE21460D2000F05EFEF6
:103FF0002146182000F076FE2146172000F056FEDC
:1040000021461C2000F06EFE2146202000F05CFEC0
:104010002146182000F066FEFFF7BAFF10BD00BF72
:1040200038110020FFF7BCBF01460E2000F03EBE55
:1040300037B50E4D03F058FD2B888342044612D04D
:104040004FF6FF73ADF8003000238DF8023003F017
:104050004BFD40F00100ADF8040002AB13E9030092
:10406000FEF748FF2C8003B030BD00BFC811002010
:1040700008B503F003FD024B1860024B186008BD41
:10408000E8110020E41100207047704708B5FFF7E1
:10409000FCFF08BD704701207047000008B50748C5
:1040A00000F07EFA00F0C4FF18B9FFF7BBFF00F084
:1040B000BFFFFFF7E9FFFFF7E9FF08BD99450008DB
:1040C0000120704708B5FFF7FBFF08BD704708B532
:1040D000FDF769FDFFF7FAFF08BD08B500F082FAA9
:1040E000FEF7D2FEBDE8084002F002BC08B503F0BE
:1040F000C3FC00F0A5FAFFF7F0FF03F0A1F9FEF70B
:10410000ADFC08BD002003F07DB900002DE9F04FA3
:1041100085B0FFF7C0FF60B9FFF78AFFFFF7F2FF36
:1041200002F0C4FD00F098FC05B0BDE8F04FFEF7CA
:10413000CBBE2E4F00F09CFA3E460024E0B256F86B
:10414000045B00F075FA052C4CD0854204F10104A3
:10415000F4D0274B1B789B0701D500F06FFAFFF7CF
:10416000B1FF002600900DF1080B5FFA86FA504669
:1041700000F05EFA57F8043B984205462CD080EADE
:10418000030800244FF0010918EA090F1CD0009B16
:1041900015EA090F14BF012200228BB18DF80A2005
:1041A00001928DF808408DF809A003F09DFC40F0C5
:1041B0000100ADF80C009BE80300FEF79BFE019A9E
:1041C0002146504602F0D2F90134E4B2112C4FEAF4
:1041D0004909D9D147F8045C0136062EC5D1FFF74D
:1041E00047FF9BE78542B4D196E700BFCC11002082
:1041F000EC11002038B500F0F3F8B0F5A44F0446F8
:1042000043D2B0F5A04F80F0AD80DF2816D8CC287F
:1042100000F28B80A7280AD8A42879D8012804D0D6
:10422000031F9BB2A12B28BF0024204638BDA0F15C
:10423000A8039BB21A2B70D90024F6E7B0F5804F83
:1042400019D2B0F5005F80F09C80E728EDD9A0F589
:1042500080739BB2B3F5F85FEED2C0F3072000F095
:1042600045F90546E0B200F0BBF82D0205F4F8551B
:1042700040EA050407E0C0B200F0B2F804F470644C
:10428000044344F42044A4B2CFE7B0F5A54F22D2B2
:1042900045F25F23984252D845F23F2398420BD90A
:1042A00000F003040123C0F38202A34043EA421357
:1042B00043F40C439CB2B8E745F21F23984237D829
:1042C00000F003040123C0F38502A34043EA421334
:1042D00043F40D43EEE745F2BF2398420AD845F276
:1042E0009F23984200F01F0034D84AF2F40343EAB7
:1042F00000249AE7A0F5A543403B9BB21F2B9BD817
:10430000040204F4F85444F4204444F0F0048CE72C
:10431000A0F1240444F48044B5E75834214BE4B2BE
:1043200033F8144044F488447FE740F4A044AAE7FB
:1043300000F01F044AF2F10343EA042475E700F099
:1043400003040123C0F38202A34043EA421343F46F
:104350000A43AFE700F0CAF8040204F4F85444F446
:10436000005462E700F01F0000F0C0F8C306C4F379
:10437000431448BF0001240200B2044344F4104433
:1043800081E7C0F3042000F0B1F80546E0B200F088
:1043900027F82D0205F4F855054345F40055ACB255
:1043A00043E700BFACCC000882B0ADF80410C1F305
:1043B0000721052906D89DF80420102A02D802B04A
:1043C000FEF78EBC002002B0704707B5ADF80410B0
:1043D0000199FFF7E9FF03B05DF804EBFFF70ABFAF
:1043E000E72850D8DF2807D8312865D00ED82928EB
:1043F00058D02A2867D07047A0F1E003072B42D895
:10440000DFE803F01541242933413D42392804D027
:10441000822802D0352840D07047334B1A78920753
:104420005CD15B7813F0080F18BF292070472E4A23
:104430001378D9074ED4527812F0010F23D013F01D
:10444000100F08BFE32018BF00207047264B1B78D1
:1044500013F0040FF2E7244A137859073CD452783A
:10446000D2073BD413F0100FEDE71F4B5A7891079A
:1044700009D51B7813F0100F08BFE720E3E71A4BAC
:104480001B781A07F6D47047174A1378190727D4F0
:1044900052789107E6D5E4207047134B1B7813F050
:1044A000200FC1E7104B1A7892061BD45B7813F0EB
:1044B000080F18BF392070470B4B1B7813F0400FC3
:1044C00018BF2A207047084B1B7813F0400F18BF05
:1044D0003120704739207047E2207047E020704754
:1044E000E62070473520CEE7DE650020294A1378A4
:1044F000590707D500F01801082927D100F0F70067
:1045000040F00400190707D500F01801182926D13A
:1045100000F0E70040F014005278D10707D500F012
:104520001801082924D100F0F70040F0010092079B
:1045300007D500F01802182A23D100F0E70040F058
:104540001100DB0648BF00F0E700704700F01401DF
:10455000042904BF00F0FB0040F00800D2E700F09F
:104560001401142904BF00F0EB0040F01800D3E759
:1045700000F01101012904BF00F0FE0040F0080026
:10458000D5E700F01102112A04BF00F0EE0040F060
:104590001800D6E7DE650020002070470020704735
:1045A000014B1860704700BF200E0020FFF7C4BC0D
:1045B00008B500F05DF84FF4166004F0C4FA00F09E
:1045C00057F8002000F034F8C30705D5FFF7EEFFD9
:1045D000BDE8084003F0ACBA08BD08B5FFF7E8FF36
:1045E00008BD000008B5FFF7B1FC08B9FFF71AFDD8
:1045F000FFF7B6FC084B1870FFF7B8FC074B1880A4
:10460000FFF7EBFFFFF7AFFCFEF7F5FF044B188851
:10461000BDE80840FFF70BB8EC110020DE65002074
:1046200036110020704708B5FFF7FCFF08BD704742
:10463000014B53F820007047F865002070470000D8
:1046400010B51824FBF780FF22460021064807F02A
:104650006DF922460021054807F068F9062000F0B0
:104660001BF8FFF7E0FF10BDE0650020F8650020B3
:1046700010B5074C2046FBF799FF06490346062272
:10468000204600F00BF80446FEF718FA204610BD4D
:10469000E0650020F8650020704700002DE9F0413A
:1046A000DFF8588007460E46144633B1012388F8D8
:1046B000003003F0E3F9104B186098F800501DB972
:1046C00000252846BDE8F0810B4B186803F018FA66
:1046D0000B28F5D9A40022463946304607F016F9D2
:1046E00040B122463946304607F06CF9002388F87D
:1046F0000030E6E70546F9E7F0110020F41100204C
:10470000704708B503F052FDFFF7F0FCBDE8084024
:1047100003F062BD08B503F065FDFFF7F7FCBDE8E7
:10472000084003F061BD08B503F06CF903F03CFDEF
:10473000FFF7B4FCFFF7E5FFFFF7ECFFFFF7C7FC5F
:10474000FAE70000164B1B78D90707D5154B1878E8
:1047500040007F2820D808B3C0B270479A0703D51D
:10476000104B18788000F4E75B0703D50D4B1878E1
:10477000C000EEE70C4B1B7863B10C4A0949127874
:1047800008789342F4D210FB03F0C000B0FBF2F0C3
:1047900080B2DEE70820DFE77F2070470120704706
:1047A000FC110020290E0020FB110020280E002003
:1047B000144B1B78D90705D5134B18788008F8B12E
:1047C000C0B270479A0703D50F4B18784008F6E738
:1047D0005B0705D50C4B18787F28F0D97F207047F0
:1047E0000A4B1B7853B10A4A07491278087893425A
:1047F0003CBF10FB03F0B0FBF2F0EDE70120DFE778
:1048000001207047FC110020250E0020FA11002025
:10481000240E002008B5A0F1CD03122B10D8DFE83C
:1048200003F00A1013192E2E2E2E2E2E2E2E1C21A2
:10483000252B363C4100FFF785FF40421C4BD870CA
:1048400008BDFFF77FFFF9E7FFF77CFF4042184BF9
:104850009870F5E7FFF776FFF9E7FFF7A9FF144B2C
:104860001871EDE7FFF7A4FF4042F8E7FFF7A0FF5C
:1048700040420F4B5871E3E7FFF79AFFF9E70C4A04
:10488000D1385178012383400B435370D8E7094A4C
:10489000137843F001031370D2E7064A137843F00C
:1048A0000203F8E7034A137843F00403F3E700BF79
:1048B000FD110020FC11002030B5414BCD2893F9AB
:1048C000041093F9052093F9024093F9035012D193
:1048D000002D01DA0022DA70D9789A780A4351B2B1
:1048E0000AB9384A11701A795B7913435AB20BB975
:1048F000354B1A7030BDCE2802D1002DEADCEBE733
:10490000CF2804D1002CE7DA00229A70E4E7D028FF
:1049100002D1002CF8DCDFE7D92804D10029DBDD47
:1049200000221A71D8E7DA2802D10029D4DAF7E791
:10493000DB2804D1002ACFDA00225A71CCE7DC2828
:1049400002D1002AF8DCC7E7D1380E28C4D801A26A
:1049500052F820F091490008914900089149000857
:1049600091490008914900089149000891490008BF
:1049700091490008D9480008D9480008D9480008DA
:10498000D94800089F490008AB490008B54900080C
:104990005A780121814022EA01025A709CE70B49B2
:1049A0000A7822F001020A7096E708490A7822F094
:1049B0000202F8E705490A7822F00402F3E700BF93
:1049C000FD110020FB110020FA110020FC11002035
:1049D00008B503F089F8094B9A78D9780A431CBFC7
:1049E000074A10801A795B791A431CBF054B18805F
:1049F000BDE80840014802F0ABBE00BFFD11002039
:104A0000F8110020F611002008B506220548002103
:104A100006F08CFF044A00231370044A1370044A02
:104A2000137008BDFD110020FB110020FA110020B9
:104A3000FC11002090F902305BB990F9033043B9C2
:104A400090F904302BB990F90500003818BF012007
:104A5000704701207047000037B5574C06222146A9
:104A6000684606F0AFFF00239DF80320A370E370B3
:104A7000237163719DF8023013430AD04F4B18889D
:104A800003F037F84E490B783BB34E4A1278904208
:104A90002DDC9DF804309DF8052013430BD04A4BC4
:104AA000188803F026F849490B78002B4CD0484A67
:104AB0001278904252DC4048694602F055FF18B91E
:104AC0003D48FFF7B7FF08B1FFF782FF06226946AE
:104AD000394806F077FF03B030BD3E4A127802EB4A
:104AE0008202B0EB420FD4DD01330B7001E0FF2BEB
:104AF000FAD19DF902503DB1FFF724FE002DD4BF3D
:104B0000FF2301234343A3709DF903503DB1FFF7F9
:104B100019FE002DD4BFFF2301234343E37094F912
:104B20000230002BB5D094F90320002AB1D0B52172
:104B30004B431B1208BF0123A37001FB02F31B129E
:104B400008BF0123E370A4E7234A127802EB820234
:104B5000B0EB420FAFDD01330B7001E0FF2BFAD158
:104B60009DF904503DB1FFF723FE002DD4BFFF2374
:104B70000123434323719DF905503DB1FFF718FE12
:104B8000002DD4BFFF2301234343637194F9043004
:104B9000002B90D094F90520002A8CD0B5214B43EE
:104BA0001B1208BF0123237101FB02F31B1208BF74
:104BB000012363717FE700BFFD110020F811002081
:104BC000FB1100202A0E0020F6110020FA1100200F
:104BD000260E00202B0E0020270E002007B50023F4
:104BE000014601220DF107008DF8073000F024FA8C
:104BF0009DF8070003B05DF804FB07B500230146EC
:104C000002220DF10600ADF8063000F015FABDF8ED
:104C1000060003B05DF804FB07B50422014600233B
:104C20000DEB0200019300F007FA019803B05DF864
:104C300004FB07B501228DF8071001460DF10700AE
:104C400000F02CFA03B05DF804FB07B50222ADF8C2
:104C5000061001460DF1060000F020FA03B05DF8E1
:104C600004FB07B50422019101460DEB020000F0A0
:104C700015FA03B05DF804FBF8B5D31D23F0070364
:104C800000AFADEB030D0546144668460E4600F036
:104C9000D3F922466946284606F038FE20B122465E
:104CA0003146284600F0FAF9BD46F8BD38B50C4645
:104CB0000546FFF793FFA04205D021462846BDE8F0
:104CC0003840FFF7B6BF38BD38B50C460546FFF78C
:104CD00094FFA04205D021462846BDE83840FFF7A2
:104CE000B4BF38BD38B50C460546FFF795FFA04266
:104CF00005D021462846BDE83840FFF7B2BF38BD91
:104D000010B50A4C00F0A4FA094800F03BFA20461E
:104D100000F038FA074800F035FA074800F032FA98
:104D200000F0A4FA054B1C6010BD00BF00E80108AC
:104D300000E0010800F0010800F80108041200205A
:104D400070B520F00704A3B204F1006404F5F03458
:104D5000D4E90012B2F1FF3F08BFB1F1FF3F17D114
:104D60000D4A9918D0584968002908BF00286FEAF1
:104D700000066FEA01050DD000F06AFA20463246BF
:104D80002B4600F02BFA044600F070FA204670BD66
:104D90000024FBE70524F9E708120020F8B5FFF727
:104DA000AFFF00F055FA0D4D0D4C0E4F0526D5E91D
:104DB000002352EA030105F1080507D0D243DB4383
:104DC000204600F00BFA052818BF06460834BC42FE
:104DD000EDD100F04BFA3046F8BD00BF08120020BC
:104DE00000E0010800E8010810B520F00704D4E94C
:104DF0000012B2F1FF3F08BFB1F1FF3F0FD010F436
:104E0000FF6F08D100F024FA204600F0BBF9BDE89E
:104E1000104000F02BBABDE81040FFF7BFBF10BD37
:104E200030B51A4C1A4A1B4D002323701A4B1846F2
:104E300052F8041BC943AA4243F8041BF8D1174D8A
:104E4000D2E90031B3F1FF3F6FEA010107D013F45B
:104E5000803F0ED09BB2C1540832AA42F0D1104B11
:104E60001A6000BF207880F00100C00200F4784092
:104E700030BD13F4003F02D09BB2C152ECE713F4F3
:104E8000802F1CBF9BB2C150E6E700BF0312002079
:104E900000E0010800E801080812002000000208F4
:104EA0000412002008B5FFF72BFFBDE80840FFF70C
:104EB000B7BF0000B0F5006FF8B5054624D2144F17
:104EC0003B5C8B4222D03954FFF73AFF0446C8B905
:104ED000104E114B3068984203D9BDE8F840FFF7F7
:104EE0005DBFFFF781FF00F0B3F97B5D3068DB4306
:104EF00045F4803200F072F93368083304463360B9
:104F000000F0B4F92046F8BD0724FBE70024F9E7D8
:104F10000812002004120020FFFF0108F8B540F23B
:104F2000FE739842054624D8144F3B5A8B4222D038
:104F30003952FFF705FF0446C8B9114E114B3068CE
:104F4000984203D9BDE8F840FFF728BFFFF74CFFB0
:104F500000F07EF97B5B3068DB4345F4003200F003
:104F60003DF9336808330446336000F07FF920468A
:104F7000F8BD0724FBE70024F9E700BF0812002072
:104F800004120020FFFF0108F8B540F2FC739842BC
:104F9000054624D8144F3B588B4222D03950FFF796
:104FA000CFFE0446C8B9114E114B3068984203D960
:104FB000BDE8F840FFF7F2BEFFF716FF00F048F932
:104FC0007B593068DB4345F4802200F007F93368F1
:104FD00008330446336000F049F92046F8BD072441
:104FE000FBE70024F9E700BF0812002004120020AC
:104FF000FFFF0108B0F5006F3ABF024B185CFF20BD
:10500000704700BF0812002040F2FE7398420AD891
:10501000064BC20741BF5A1C125C185C40EA0220D2
:1050200058BF185A70474FF6FF707047081200209B
:10503000FFF7F6BEFFF736BF2DE9F84304461546E5
:105040004AB1CA0707D588B2FFF7D4FF4A1C04F853
:10505000010B013D114625F0010704F0010904EBA5
:1050600007080E46444508D1EB0704D5C81980B29D
:10507000FFF7C0FF2070BDE8F883B0B2FFF7C4FFB0
:105080000234B9F1000F03D124F8020C0236E9E72B
:1050900004F8020C000A04F8010CF7E770B50446A6
:1050A0000E46154605B970BD16F0030FB0B212D109
:1050B000032D10D962782378E17843EA0223A2789D
:1050C00043EA024343EA0161FFF75EFF04231E4403
:1050D0001C44ED1AE6E7F30709D4012D07D0237825
:1050E000617843EA0121FFF719FF0223EFE72178F6
:1050F000FFF7E0FE0123EAE7054B9A69002A05DA8B
:105100004FF000429A61034B01221A70704700BFB2
:1051100000200240031200200B4B1A69D1030DD46A
:105120001A6912F0E80F0BD11A69D2060AD41B696A
:1051300013F0020F14BF04200520704701207047B0
:1051400002207047032070470020024073B50446D8
:10515000FFF7E2FF0025FF2601280FD114B9062032
:1051600002B070BD01950196019B1BB9FFF7D4FFFA
:10517000013CF1E7019B013B0193F5E7002C08BFDF
:105180000620EDE738B5054640F6FF70FFF7DEFF75
:1051900005281FD1104C636923F47E736361636932
:1051A00005F17845ED0A43EAC50343F00203636164
:1051B000636943F48033636140F6FF70FFF7C6FF15
:1051C00006281FBF636923F47E7323F00203636123
:1051D000F923236138BD00BF00200240F8B51E4608
:1051E000194B174600F178429A42054629D81F20EC
:1051F000FFF7ACFF052823D1144C236823F4806308
:105200002360636943F0010363612F60BFF36F8F15
:105210001F206E60FFF79AFF06281EBF636923F008
:1052200001036361F9232361236843F480532360FE
:10523000236823F480532360236843F4806323604E
:10524000F8BD0720FCE700BFFEFF0700002002407A
:10525000044B5A69002ABFBF034A9A6002F18832A0
:105260009A6070470020024023016745024A536953
:1052700043F00043536170470020024030B585B0D1
:1052800010F47F4F0190C0F30725C0F307420DD102
:1052900009B1314B9A5C13461146002063F30700B5
:1052A00061F30F2062F3174005B030BD9DF8044054
:1052B000002939D0284B995C04EB4400FF234000BF
:1052C000B0FBF3F06FF05403434303EB440303EBF1
:1052D0004303DBB215FB03F4C3F1FF036B4324125A
:1052E0001B12C5F1FF02C4F1FF04C3F1FF034A43DF
:1052F0004C434B43C2F30722C4F30724C3F30723F1
:10530000C9B2062824D801A555F820F09B52000800
:105310002D530008335300083D530008475300083D
:10532000515300089B5200081146C5E70B46214621
:10533000B3E718460B4611460246AEE70B46114648
:105340001A462346A9E7184613460A460146A4E72B
:1053500013462246A1E700BF11CD000884B0012109
:1053600004B0FFF78BBF012830B501D8C0B230BD03
:10537000B0F5F75F9DBF42090832D2B2FF22012487
:10538000A3185910C3F34705C3F34F0313FB03F3EB
:105390009BB2834206D9013DEAB29442F0D9013C66
:1053A000E0B2E4E7FF2902D00135ECB2F5E70846A8
:1053B000DDE70000074B188800EB402200EB82007D
:1053C00000F55850193080B2188000EB1020C0B2A0
:1053D000704700BF360E0020410648BFC34310B5DA
:1053E0004CBFDAB202460D4CC2F3011204EB42018B
:1053F00048BF03F00F03497854BF00F00F03013397
:1054000011FB03F114F8123003EB2113DBB2020697
:1054100044BF5B42DBB283F0800010BDE2CC0008E9
:1054200084B001908DF80420019B0020DAB262F371
:105430000700C3F3072262F30F20C3F3074363F3AC
:10544000174004B0704700000C4B84B003EB4103DD
:10545000019093F866309B1A8DF80430019B002070
:10546000DAB262F30700C3F3072262F30F20C3F33B
:10547000074363F3174004B0704700BFB00C00202F
:105480000C4B84B003EB4103019093F867309B1AF7
:105490008DF80430019B0020DAB262F30700C3F3F9
:1054A000072262F30F20C3F3074363F3174004B0EE
:1054B000704700BFB00C002030B5134B85B03031C1
:1054C00003EB41040190E57903EB4103A5F12004CE
:1054D00064B29B79002CBCBFC5F120056CB29A1A4E
:1054E0002244C0B210448DF80400019B0020DAB2BF
:1054F00062F30700C3F3072262F30F20C3F30743ED
:1055000063F3174005B030BDB00C002084B003EB4E
:1055100043039DF81020019002EB53038DF80430F3
:10552000019B0020DAB262F30700C3F3072262F3A3
:105530000F20C3F3074363F3174004B070471FB550
:10554000019048B20028BCBF494248B25243C0F162
:10555000380010FB002080B21C46FFF704FF00EB70
:10556000400004448DF80440019B0020DAB262F34D
:105570000700C3F3072262F30F20C3F3074363F36B
:10558000174004B010BD000084B0019003F130005A
:10559000104B03EB4003D8799B79703B4B43203889
:1055A00002FB0032002A9DF80430B8BF7F3203EBC3
:1055B000E2138DF80430019B0020DAB262F3070099
:1055C000C3F3072262F30F20C3F3074363F31740CB
:1055D00004B07047B00C002084B0019003F130009B
:1055E000104B03EB4003D8799B79703B4B43203839
:1055F00002FB0032002A9DF80430B8BF3F3203EBB3
:10560000A2138DF80430019B0020DAB262F3070088
:10561000C3F3072262F30F20C3F3074363F317407A
:1056200004B07047B00C002084B0C9430190C9B2E7
:10563000C0F3074011FB00F109128DF80610019B21
:105640000020DAB262F30700C3F3072262F30F20EF
:10565000C3F3074363F3174004B0704784B003EB10
:105660008302BDF81030019013449BB2FF2B28BF7A
:10567000FF23C0F30740DB4350FA83F3FF2B28BF1F
:10568000FF238DF80630019B0020DAB262F3070099
:10569000C3F3072262F30F20C3F3074363F31740FA
:1056A00004B070471FB5482B0190C0F3074030D8B5
:1056B000BDF81840E31A9BB2FF2B28BFFF23083127
:1056C00089B2102905D902F1080189B2112928BF30
:1056D000FF231149DB4350FA83F3002A4978B8BF0E
:1056E0000332FF2B01EBA20228BFFF238DF8042019
:1056F0008DF80630019B0020DAB262F30700C3F395
:10570000072262F30F20C3F3074363F3174004B08B
:1057100010BDFF23D3E700BF1066002084B0C0F3A4
:105720000741BDF810200190D31A9BB2FF2B28BF70
:10573000FF23DBB2DA4351FA82F2FF2A28BFFF22AD
:1057400053FA80F08DF804008DF80620019B0020AC
:10575000DAB262F30700C3F3072262F30F20C3F348
:10576000074363F3174004B0704784B0BDF81020BE
:105770000190D21A92B2FF2A28BFFF22C0F307403D
:10578000D24350FA82F2FF2A28BFFF228DF806206A
:10579000019B0020DAB262F30700C3F3072262F331
:1057A0000F20C3F3074363F3174004B070470000B2
:1057B000024B1A7810431870704700BF0E1A002071
:1057C00010B5054C0548012308221C212370FFF762
:1057D00033FC0023237010BD0E1A00201066002039
:1057E000024610B9C90FC801704780EAE073A3EB05
:1057F000E073002918B201FA83F30CDB091A49019E
:1058000091FBF3F1C1F120014BB2D8B2002ABCBF29
:105810004042C0B270475B01401A93FBF0F3C3F102
:1058200060035BB2F1E730B585B0C0F30745019086
:105830009DF820001C1A1046FFF7D2FF2C44E4B25A
:10584000241AE4B214FB05F424128DF80640019BDF
:105850000020DAB262F30700C3F3072262F30F20DD
:10586000C3F3074363F3174005B030BD1FB5019084
:1058700010461C46FFF7B4FF03198DF80430019B56
:105880000020DAB262F30700C3F3072262F30F20AD
:10589000C3F3074363F3174004B010BD1FB5019075
:1058A0009DF818001C1A1046FFF79AFFE4B2241A5C
:1058B0008DF80440019B0020DAB262F30700C3F3C5
:1058C000072262F30F20C3F3074363F3174004B0CA
:1058D00010BD000008B5082203481C21FFF7CCF9D1
:1058E000024B00221A7008BD106600200E1A00201C
:1058F00084B004B0FFF732BD2DE9F74FDFF8D0A038
:1059000000EB00180AEB080307465B5CFF2B0E4612
:105910002BD02E4A0025904405EB051403F13009E5
:105920000AEB04014FF0000B14440AEB490911F88B
:1059300001CBBCF1FF0F0ED0E8B2874218D15FFA5D
:105940008BF0864214D118F806002030FF2828BFBB
:10595000FF2008F806000BF1010BBBF1110F04F159
:105960000104E4D10135062DD6D103B0BDE8F08F96
:105970000CF1300C0AEB4C0C99F806E09CF8060090
:105980009CF807C00191AEEB000E99F80700009358
:10599000A0EB0C000EFB0EFE00FB00E080B2FFF758
:1059A000E2FC2828009B0199084AD4D8C0F12800BD
:1059B00080B2102894F800C028BF10205CFA80F054
:1059C000FF2828BFFF202070C5E700BF421A002033
:1059D000B00C002010B5084C08492046152300F8EB
:1059E000013B032205F0EEFF4FF67F73A380BDE875
:1059F0001040FFF76FBF00BF1066002064C70008AB
:105A00000020704770B50E4615460446FFF7F8FFB4
:105A1000054B04EB041423449B5DFF2B1EBF2B544A
:105A20000130C0B270BD00BFB00C0020014BDB687C
:105A3000184700BFECCC000810B4034C6468A446BF
:105A40005DF8044B604700BFECCC00082DE9F04F37
:105A5000354BDFF8DC9004781D8899F8043004EBAE
:105A6000C4045B08640089B0E4B25D43C5F3072356
:105A700004F11206F6B202932C4B0391572EB34653
:105A8000804628BF4FF0570B03EB440703F58A7A93
:105A9000E3B29B4506D8562E8CBF0020012009B0EA
:105AA000BDE8F08F1AF8042098F801301A4237D078
:105AB00097F8663097F86700703B99B220385B43DF
:105AC00082B200FB003080B205910492FFF74BFCDC
:105AD000029A009299F801C099F803E0049A059996
:105AE000039D034699F802004CEA002012B209B265
:105AF00040EA0E40A847C0F307238DF81C00C0F30E
:105B000007408DF81D308DF81E000798FFF7F0FE56
:105B1000C0F30743C2B2C0F307212046FFF78CFF52
:105B200002370134B4E700BF18660020B00C002033
:105B3000106600200149FFF789BF00BF2758000801
:105B40000149FFF783BF00BF0D5500080149FFF76A
:105B50007DBF00BF9D5800082DE9F04FDFF8B880E9
:105B600004782B4A98F80430128804EBC4046400CB
:105B70005B08E4B285B05343C3F3072304F1120575
:105B8000EDB20193234B572DAB4607468A4628BFFB
:105B90004FF0570B03EB440603F58A79E3B29B45BC
:105BA00006D8562D8CBF0020012005B0BDE8F08F2F
:105BB00019F804207B781A4226D098F8023098F819
:105BC000010098F803C096F8672096F8661040EA3E
:105BD0000320203A7039019B40EA0C40D047C0F3C3
:105BE00007238DF80C00C0F307408DF80D308DF8B9
:105BF0000E000398FFF77CFEC0F30743C2B2C0F368
:105C000007212046FFF718FF02360134C6E700BF20
:105C100018660020B00C0020106600200149FFF734
:105C20009BBF00BF3F5500080149FFF795BF00BF6C
:105C30006D5800082DE9F74F0478DFF8A490274A43
:105C400099F804301588DFF89CB004EBC4046400B4
:105C5000E4B204F112085FFA88F89B08B8F1570F14
:105C600003FB0555C24606460F4628BF4FF0570AAC
:105C7000C5F30725E1B28A4507D8B8F1560F8CBFA6
:105C80000020012003B0BDE8F08F1BF804207378DA
:105C90001A4220D099F8022099F8013099F80300AF
:105CA00043EA022343EA00402A46B847C0F30723E9
:105CB0008DF80400C0F307408DF805308DF806001C
:105CC0000198FFF715FEC0F30743C2B2C0F30721E6
:105CD0002046FFF7B1FE0134CCE700BF1866002074
:105CE00010660020C40D00200149FFF7A3BF00BFCC
:105CF000215400080149FFF79DBF00BF4954000827
:105D00000149FFF797BF00BF815400080149FFF721
:105D100091BF00BFB95400082DE9F04FDFF8BC80F7
:105D200004782D4B98F804501B88DFF8B4B004EBCE
:105D3000C4046400AD085D43E4B2C5F3072504F173
:105D40001206F6B2074605F1400087B0572EC0B2E2
:105D50008946B24628BF4FF0570AFFF73DFB80380F
:105D600043B228460293FFF737FB803843B20393D0
:105D7000E3B29A4506D8562E8CBF0020012007B00A
:105D8000BDE8F08F1BF804107A78114222D00095FC
:105D900098F8022098F8010098F803C0029940EAA8
:105DA000022040EA0C40039AC847C0F307238DF84D
:105DB0001400C0F307408DF815308DF816000598D3
:105DC000FFF796FDC0F30743C2B2C0F30721204698
:105DD000FFF732FE0134CBE7186600201066002082
:105DE000C40D00200149FFF797BF00BF8955000887
:105DF0000149FFF791BF00BFD95500082DE9F04FC9
:105E00000478364DDFF8DCB02B79DFF8DCA004EB4A
:105E1000C4046400E4B204F11206F6B285B00133A2
:105E2000572EB146804628BF4FF057090191FF2BEE
:105E300028BFFF234FF6FF77B7FBF3F7E1B28945A1
:105E400006D8562E8CBF0020012005B0BDE8F08F8B
:105E50001BF8042098F801301A422DD09AF800302F
:105E60001F48013B5BB21A0628D53A4629796B7860
:105E7000E8780131FF2928BFFF215143AA7843EA7E
:105E80000223C1F30F2143EA0040019B9847C0F36E
:105E900007238DF80C00C0F307408DF80D308DF806
:105EA0000E000398FFF724FDC0F30743C2B2C0F30E
:105EB00007212046FFF7C0FD0134BFE7C25C8A42DC
:105EC0000AD103F10C020AEB420292F801C0927867
:105ED0004CEA0222BA42C9D3013BC4E71066002053
:105EE0002D660020C40D00201C6600200149FFF72C
:105EF00085BF00BF295600082DE9F04F0C7804EB50
:105F0000C4046400E4B204F112058DB0EBB2572B67
:105F1000039328BF57230493424B06921B780593A3
:105F2000414B03EB440603F58A7382460F46079301
:105F3000049AE3B29A4207D8039B562B8CBF0020E9
:105F400001200DB0BDE8F08F079B1A5D7B781A42E7
:105F500021D0DFF8D0B0354903220AA805F032FD80
:105F6000D0460AEB0B090021059A5FFA88F39A42A2
:105F700014D82F4BDB7813FB01F31B128DF82A305A
:105F80000A98FFF7B5FCC0F30743C2B2C0F307217C
:105F90002046FFF751FD01340236C9E719F8012FF9
:105FA00096F8663096F8670009919B1A9AB21546E2
:105FB00099F808205B43801A82B200FB003080B25F
:105FC0000892FFF7D0F91A4B099993F804C0089A80
:105FD00008F10C0E0BEB4E0E0CF1010C9EF801308B
:105FE0009EF802E08DF82A10BCF1FF0F43EA0E2361
:105FF00028BF4FF0FF0C03FB0CFCCCF30F2329B29E
:106000000093069D034612B20A98A847C0F30723DF
:106010008DF828008DF82930C0F3074108F10108F8
:10602000A2E700BF1C660020B00C00201166002013
:10603000106600200146024A0020FFF75DBF00BF46
:106040005D5600080146024A0020FFF755BF00BF19
:10605000A5560008044B054A1B78013B23EAE3736D
:106060000146D8B2FFF748BF1C6600201D57000844
:10607000044B054A1B78013B23EAE3730146D8B27F
:10608000FFF73ABF1C6600206B5700082DE9F3416B
:1060900004781E4ADFF878805378917804EBC404C2
:1060A0006400E4B2054604F11206D07843EA012305
:1060B000F6B2572E43EA0040374628BF5727FFF76E
:1060C00017FCC0F307238DF80530C0F307438DF8A4
:1060D00004008DF80630E3B29F4206D8562E8CBFDE
:1060E0000020012002B0BDE8F08118F804206B7890
:1060F0001A4208D09DF806309DF804209DF805103E
:106100002046FFF799FC0134E5E700BF1066002048
:10611000C40D00202DE9F7430478DFF8B49004EBB8
:10612000C4046400E4B204F11205EDB2572D4FF03F
:10613000030209F10101064668462F4628BF57278A
:1061400005F040FC214B99F80380188899F8043039
:10615000DB085843C0F30720FFF73EF9A0F18003A6
:106160005BB2002BBCBFC0F1800043B25B00DBB26E
:1061700013FB08F31B128DF802300098DFF85480EF
:10618000FFF7B6FBC0F307238DF80400C0F3074008
:106190008DF805308DF80600E3B29F4206D8562DE3
:1061A0008CBF0020012003B0BDE8F08318F8042064
:1061B00073781A4208D09DF806309DF804209DF8A7
:1061C00005102046FFF738FC0134E5E7186600208B
:1061D00010660020C40D002013B5134B0344044681
:1061E00093F8143119421CD0FFF7E4F88DF8000041
:1061F000FFF7E0F840F34E037F338DF801300B4B8F
:10620000DB788DF802300098FFF772FBC0F307438C
:10621000C2B2C0F30721204602B0BDE81040FFF72C
:106220000BBC02B010BD00BFB00C002010660020F7
:10623000F8B586780546EEB91B4B1C4A1B791288C7
:106240001033FF2B28BFFF235343C3F30F23052233
:10625000B3FBF2F202EB82029B1A9BB243B9FFF747
:10626000A9F8572310FB03F069780012FFF7B4FF79
:106270003046F8BD047804EBC4046400E4B204F1D1
:106280001206F6B2572E374628BF5727A74204DC1E
:10629000562E8CBF00260126EAE720466978FFF7D4
:1062A0009BFF0134F2E700BF106600201866002053
:1062B000014B9B68184700BFECCC00082DE9F04F5C
:1062C000047804EBC4046400E4B204F112095FFA38
:1062D00089F94B46572B85B028BF57230193837804
:1062E00007464BB1002211461046FFF7E1FF3E483A
:1062F0006622002105F01AFB3B7893B30026B046D6
:106300003A4B06EB030B384B06EB030A11230093C1
:106310001BF8013BA3420DD3019A93420AD2334AA0
:10632000134493F814217B781A4229D108F101080B
:106330005FFA88F8009B013B13F0FF030AF1010AA2
:106340000093E5D1552E04D0B8F1110F06F11106D6
:10635000D6D9B9F1560F8CBF0020012005B0BDE899
:10636000F08F234D288801F0C4FB224B18288CBFE6
:10637000012200221A70C1D901F0B6FB2880BDE7C6
:106380009AF800501C4AA5F1550323EAE373C3F1C0
:10639000AA038DF8083093788DF8093005F1AA0327
:1063A000FF2B28BFFF2303EB4303D2780233DBB27A
:1063B00013FB02F31B128DF80A300298FFF798FACC
:1063C000C0F30743C2B2C0F307211BF8010CFFF76B
:1063D00033FB084B1B78002BA8D0013D25EAE5755F
:1063E0008AF80050A2E700BF421A0020B00C00203B
:1063F000AA1A0020A81A0020106600202DE9F04FEC
:10640000544B554EDC7887B004EB44034FEAA30BA2
:106410009B080193FF23B3FBF4F3009383785BB1F4
:10642000002211461046FFF743FF4C486622002128
:1064300005F07CFA00233370494FDFF820A13B7848
:1064400001333B70A4EB0B0300250293D0464FF0C1
:10645000000932785FFA89F31A4362D1039305F099
:1064600017FA404B9842039B5BDC8AF8004004AA71
:1064700029461846FFF7C6FA90B198F80020019B0C
:106480009DF810009A425BD9A2EB0B030BFB03F3C0
:10649000029A93FBF2F32246DBB21946FFF7CCFADD
:1064A00009F10109B9F1060F08F11108D1D101353F
:1064B000EDB2112D0AF1010AC8D13B78009A93423E
:1064C00004BF00233B7033780133DBB21C2B3ED971
:1064D00000233370244E05233546671E3046294677
:1064E0001122052B04D190F800C0644508BF077045
:1064F00011F811CC013AA44524BF01F8117C0C70AD
:1065000012F0FF0201F1010100F10100E9D1013BAC
:1065100013F0FF03A5F11105E0D1002007B0BDE89D
:10652000F08F98F80020002AA1D094429FD93978A2
:106530000098814204BF02F1FF3288F8002096E7FC
:1065400014FB02F20023B2FBFBF2D2B2A5E73370D8
:10655000E3E700BF106600200D1A0020421A002059
:106560000C1A002054555505971A00202DE9F04FBC
:1065700085B0074688461646FDF7A2FD81460028ED
:1065800050D0384B00221A60002E4ED002AA41464D
:106590003846FFF737FA0446334D2B782344082B4F
:1065A00022DDC4F1080A611C52462944681C05F02A
:1065B00009FA04F109015246294405F1090005F0E0
:1065C00001FA05EB44014FEA4A02193105F11900BD
:1065D00005F0F8F904F111015246294405F11100C2
:1065E00005F0F0F985F800A095F800B0DFF878C064
:1065F000002502AB01932846AE46E9B25BFA85F36B
:106600008C42DBB213D810B1174B5C441C704EB1F6
:10661000164B1B7803F0FC03402B03D14146384650
:10662000FFF76AF905B0BDE8F08F3446B4E7019A88
:1066300012F801AB01920E4A0AF130010CEB030093
:1066400002EB41010C330CEB43038A79C9794270A8
:10665000417280F811A083F801E083F802E001356F
:106660004846CAE73C1A00200F1A00201066002096
:10667000B00C0020704708B5FBF77EFAFFF7FAFF71
:1066800008BD00002DE9F347864B874F1B788342F6
:1066900005462FD1854A3B78127803F003039B1AF5
:1066A00018BF0123824C6278A3707B799A4205D08F
:1066B0000022114610466370FFF7FAFD162D00F216
:1066C000E680DFE815F019002F0040004400480084
:1066D0004C005000540058005C00600064006800EA
:1066E0006C0070007400C800CC00D000D400D8004A
:1066F000DC00E0000123D5E7A378002B00F0CE807A
:10670000002211461046FFF7D3FDFFF7B4FF2378B0
:1067100001332370674B02221A70A37883B9654B4B
:106720000322B9E06248FFF7B1FC237801332370FC
:1067300030B9604B02221A70A3780BB9002DEED04D
:1067400002B0BDE8F0875A48FFF7E4FCEDE758488F
:10675000FFF7F0F9E9E75648FFF7C6FAE5E75448CE
:10676000FFF7C8FAE1E75248FFF7CAFADDE75048F9
:10677000FFF7CCFAD9E74E48FFF7E2F9D5E74C48E6
:10678000FFF74CFAD1E74A48FFF74EFACDE7484801
:10679000FFF7DCF9C9E74648FFF724FBC5E74448A3
:1067A000FFF726FBC1E74248FFF742FDBDE720782F
:1067B000DFF80891DFF80881D9F80020D8F8003018
:1067C000013000EBC00040009A42C6B227D9FEF764
:1067D000F1FD572310FB03F0374B03EB20234FEA67
:1067E000202A93F8142163781A4218D0FEF7E2FDAC
:1067F000830719D500231A4619465046FFF71CF99E
:106800003B791033FF2B28BFFF234FF4FA721B098B
:10681000B2FBF3F3D9F800201344C8F80030562E29
:106820008CBF0020012080E7FEF7C4FD8DF800003A
:10683000FEF7C0FD40F34E00FB788DF802307F304C
:106840008DF801000098FFF753F8C0F30743C2B278
:10685000C0F30721D1E71648FFF730FD65E714487C
:10686000FFF7CCFD61E71248FFF740FB5DE71048FA
:10687000FFF7E0FB59E70E48FFF7E4FB55E70C484C
:10688000FFF7E8FB51E70A48FFF7F2FB4DE72378F3
:1068900001332370074B02221A7051E7237801332A
:1068A00023703CE7340E002010660020350E0020D7
:1068B000310E0020300E0020B00C002018660020A1
:1068C000081A00200120704708B5FFF7FBFF08BD3C
:1068D00008B5017801EBC1014900C9B2A1F112006C
:1068E000572928BF572100F0FE00FFF7EDFF08BD34
:1068F000134B10B51B6898471248134B0024102205
:10690000FF2100F8194B1C7005F010F80F481022F9
:10691000FF2100F8194B05F009F8FDF717FB18B92E
:10692000FDF780FBFFF756F8FEF74AFF084B1B7890
:10693000032B03D8BDE81040FFF74CB810BD00BFD3
:10694000ECCC00081C660020411A00200F1A002021
:1069500010660020054B1A7892071EBF044A0021DA
:1069600011701A786FF301021A70704710660020D8
:10697000300E0020024B187800F00300704700BF73
:10698000106600200C4A034608461178890711D08A
:1069900063B1162B0CD803F03F03117863F3870122
:1069A000064B117000221A70FEF702BF0123F4E7B4
:1069B0001623F2E7704700BF10660020300E00205B
:1069C0000121FFF7DFBF0000054B1B789B08013357
:1069D000172B014634BF18460120FFF7D3BF00BF75
:1069E000106600200120FFF7EFBF0000064B1B7868
:1069F000C3F38503013B13F0FF03014614BF1846A0
:106A00001620FFF7BFBF00BF106600200120FFF770
:106A1000EDBF000030B4074C0546184623789B07AD
:106A200005D06570A170E27030BCFEF7C1BE30BC0D
:106A3000704700BF10660020034903464878CA78B3
:106A400089780830FFF7E6BF106600200120FFF7C5
:106A5000F3BF0000054910B44C78CA788978083C27
:106A60000346A0B25DF8044BFFF7D4BF10660020C8
:106A70000120FFF7EFBF000010B4074CA178E278C7
:106A80001031FF2928BFFF210346C9B260785DF8A5
:106A9000044BFFF7BFBF00BF106600200120FFF7C7
:106AA000EBBF000010B4064CA178E278103921EA5F
:106AB000E1710346C9B260785DF8044BFFF7AABFE5
:106AC000106600200120FFF7EDBF000010B40A4C53
:106AD00022789207034603D15DF8044B00F00EB80C
:106AE000E278A17860785DF8044B1032FF2A28BF65
:106AF000FF22D2B2FFF78EBF1066002038B50B4CD4
:106B0000237883F001032370094B002205461A7095
:106B1000FEF74EFE23789B0702D0E3781F2B00D9A7
:106B200038BD2846FFF7D2FFF4E700BF106600200B
:106B3000300E00200120FFF7E1BF000010B50A4C25
:106B4000237813F0030304BF084A1370237801224B
:106B500062F301032370E3781F2B00D910BD0020DE
:106B6000FFF7B4FFF7E700BF10660020300E0020EB
:106B700010B5FFF7E3FF0120FEF71AFE044CE3789F
:106B80001F2B00D910BD0120FFF7A0FFF7E700BFC2
:106B9000106600200120FFF799BF000038B50C4CAB
:106BA000E278A178103A22EAE27203460546D2B2B0
:106BB0006078FFF72FFF23789B0707D0E378202B1F
:106BC00004D82846BDE83840FFF798BF38BD00BF5D
:106BD000106600200120FFF7E1BF0000044A13798E
:106BE0001033FF2B28BFFF231371FEF7E1BD00BF59
:106BF000106600200120FFF7F1BF0000034A13795F
:106C0000103B23EAE3731371FEF7D2BD1066002038
:106C10000120FFF7F3BF0000014B1860704700BF71
:106C20002C0E0020014B00221A6070473C1A0020F5
:106C300008B5034B1B699847024B01221A7008BD27
:106C4000ECCC0008411A0020014B1878704700BFB7
:106C5000411A002038B50F4B0F4A18700F4B104DDA
:106C60001B78C3F3010313702B78044623B10D4B3B
:106C70005B69984700232B70FEF7D8FE34B92B7858
:106C800023B9FAF77DFF08B1FFF7D2FF064B0322C5
:106C90001A7038BD340E0020350E0020106600201A
:106CA000411A0020ECCC0008300E00202DE9F843FA
:106CB0003B4C3C4F206800F023FF054600F0DEFE11
:106CC000394B97F800801E6820602E440024C5F5DB
:106CD0007F4C1E604146A6460CF1FF0CE3B298457E
:106CE00018D8BEF1000F00D03970304B1C784CBB67
:106CF0002F4B1B68B34205D32E4B1B7813F00304B4
:106D000000D09C082C4D2B78032B29D8DFE803F00A
:106D10001C2A363B04F10C0207EB42020134537883
:106D200092F8029043EA09239C4529BF5B1901F1BF
:106D3000FF315370C3F307233ABFC9B24FF0010EBE
:106D40009370CBE70024DDE71C4B164900221A7034
:106D50001B4B292218601B4804F034FE01232B70C2
:106D6000BDE8F8832046FFF78DFC002CF8D0FAF739
:106D7000A1FCBDE8F8431148FFF7AABD2046BDE8D5
:106D8000F843FFF767BF104B1B780BB1FEF7A2FD6E
:106D90000B4B186800F0B4FE0F28E1D90023DEE7A2
:106DA000381A00200F1A00203C1A0020401A002038
:106DB0002C0E002010660020300E0020310E002026
:106DC000186600201C6600200E1A002070B5064EC2
:106DD000044638B135782DB92846FFF753FC2846CC
:106DE000FFF738FF347070BD401A0020024B4FF49B
:106DF00080425A83704700BF00080048024B4FF49E
:106E000080421A83704700BF0008004808B500217F
:106E1000772000F061F9BDE808400121742000F0FE
:106E20005BB9000010B5134C00F0F0FB01224FF4E9
:106E30008041204603F03AFA4FF4804323837720C1
:106E400000F04EF8742000F04BF800240123E0B26B
:106E50001A461946013400F0E5F8572CF6D1002106
:106E6000772000F059F9BDE810400121742000F0AE
:106E700053B900BF0008004808B50B46064940005A
:106E80000B704A706423022200F0FE0000F0F8FB51
:106E9000B0FA80F0400908BDC5670020F8B5400091
:106EA0000E4F0E46C5B200240C4A3C703119002327
:106EB0000133DBB211F8010B02F8010F402BF7D1BF
:106EC000642341223946284600F0DAFB20B94034D9
:106ED000C02CE9D10120F8BD0020FCE7C5670020E7
:106EE0007FB50322FD210446FFF7C6FF00221146AD
:106EF0002046FFF7C1FFAA2213212046FFF7BCFF5F
:106F0000002214212046FFF7B7FF04221521204656
:106F1000FFF7B2FFC02216212046FFF7ADFF002287
:106F20001A212046FFF7A8FF0022FD212046FFF787
:106F3000A3FF0025E9B2002220460135FFF79CFFA0
:106F4000182DF7D10122FD212046FFF795FF0025DE
:106F5000E9B2002220460135FFF78EFF0C2DF7D154
:106F60002A46174901A804F02DFD0422FD212046E0
:106F7000FFF782FF01AD0026F1B215F8012B204684
:106F80000136FFF779FF0C2EF6D10022FD212046B5
:106F9000FFF772FF0025E9B2FF2220460135FFF717
:106FA0006BFF182DF7D10322FD212046FFF764FF68
:106FB00001220021204604B0BDE87040FFF75CBF0D
:106FC00004CD00085628F0B514D80B4C04EB80050E
:106FD00014F820400948AF78EE786D7804F0030487
:106FE0004FF0C00C0CFB04004155C2558355044BB7
:106FF00001221A55F0BD00BFEAC70008456600200F
:10700000DE1A0020F8B505460E4617460024204635
:107010003B46324629460134FFF7D4FF572CF6D1C0
:10702000F8BD00002DE9F047284E06EB800416F865
:107030002000657894F802E094F803C0244C00F036
:10704000030018264FEAD50906FB004605F0070A9B
:1070500001254FEADE084FEADC0716F809600EF05A
:10706000070E0CF0070C05FA0AF529B33543EEB20A
:10707000182101FB0041012501F8096005FA0EF510
:1070800011F80810DAB141EA0502D2B2182101FB69
:10709000004101F80820CA5D012101FA0CF18BB111
:1070A00042EA0103DBB2182202FB00440122E3554D
:1070B000084B1A54BDE8F08726EA0506D8E721EA0E
:1070C0000502E3E722EA0103EDE700BFEAC7000893
:1070D000AE1A0020AC1A002070B50C4E735C054649
:1070E0000C467BB1FD210122FFF7C6FE084B04EBE5
:1070F000440103EB81112846FFF7D0FE10B9054B80
:1071000001221A550023335570BD00BFDE1A00203E
:1071100045660020AC1A00202DE9F041DFF84080E0
:1071200018F8013007460C4693B10C4E0022FD21A1
:10713000FFF7A2FE04EB440306EBC3060025E9B209
:1071400016F8012B38460135FFF796FE182DF6D1BB
:10715000002308F80430BDE8F08100BFAE1A00201B
:10716000AC1A002000B110470847000038B58D78F0
:107170000446002D43D1FCF7E3FDA4F5F043203B8A
:1071800000F02200142B3AD8DFE803F00B0F14179D
:107190001A1D202326292C2F3335370D0D0D0D0DEB
:1071A0000D00FFF7C7FC284638BD164A1649FFF701
:1071B000D9FFF8E7144A1349F9E7144A1449F6E7E6
:1071C000134A1249F3E7134A1349F0E7124A1149E7
:1071D000EDE7124A1249EAE7114A1049E7E7114A76
:1071E0001149E4E7104A0F49E1E70120FFF7E8FB06
:1071F000D9E70220FAE70520F8E70A20F6E701259B
:10720000D1E700BF0D6A0008E5690008716A00084F
:107210004D6A0008C56A00089D6A0008D56B000821
:10722000956B0008116C0008F56B000838B5054631
:107230008878002800F0DC80A5F5E045ABB2222B71
:1072400000F2BB80FCF792FE6A4C013D2080212DAC
:1072500012D8DFE805F04DBD551B1F59235D692F7E
:10726000B5336D3771973B759F417B8327612B65E4
:10727000477F8EA9B31651C5237843F001032370CD
:1072800095E0637843F00803637090E0237843F05F
:107290000203F4E7237843F00403F0E7237843F094
:1072A0000803ECE7637843F00103EDE7637843F00C
:1072B0000203E9E7237843F01003E0E7237843F083
:1072C0002003DCE7237843F04003D8E7FCF736F9E6
:1072D000237843F08003D2E7237823F00C0343F0B4
:1072E0000C03CCE7637823F0030343F00303CBE7FD
:1072F00023786FF30003C2E763786FF3C303C3E738
:1073000023786FF34103BAE723786FF38203B6E77C
:1073100023786FF3C303B2E763786FF30003B3E737
:1073200063786FF34103AFE723786FF30413A6E7A5
:1073300023786FF34513A2E723786FF386139EE754
:10734000FCF7FCF823786FF3C71398E7237823F052
:107350000C0394E7637823F0030395E72378C3F3E2
:10736000800282F00102D2B262F3820362F3C303AD
:1073700085E76378DA4302F0010262F3000362F307
:10738000410381E72378C3F3801282F0010262F3A4
:10739000861374E7FCF7D2F82378C3F3C01282F0A7
:1073A000010262F3C7136AE70120FCF73DFE208863
:1073B000FCF7DFFDFCF7C2F8002038BD0020F4E741
:1073C0002378C3F3001282F0010262F3041356E73C
:1073D0002378C3F3000282F0010262F300034EE758
:1073E0006378C3F3C00282F0010262F3C3034BE788
:1073F0000120E2E7DE6500200120704708B5FFF7B5
:10740000FBFF08BD4FF0904370B519690A4C0B4D56
:1074100023786FEA112101F00106B34231462E7044
:1074200000D138B10020FBF769FA3046FFF7E6FFDC
:107430002B78237070BD00BFE01A0020E11A0020F5
:1074400008B54FF0904020224FF4807102F02EFFDB
:10745000BDE808400120FFF7D5BF000047F61643FE
:10746000984210B50C461BD1FCF76AFCA2780D4B74
:1074700072B100F0AA00002813BF012200222920C7
:1074800035201A70FCF72CFCFCF7B6FC002010BD70
:107490001B78002B0CBF29203520FCF729FCF3E7D3
:1074A0000120F4E7E21A0020F8B5144682789DF82E
:1074B00018701D462C4B92B11C7000F015FB2B4B25
:1074C000188004F12003DBB2072B41D804F0070435
:1074D0000120A040C0B2BDE8F840FBF7E2BD1E7835
:1074E000A64236D1214B188800F003FBC72830D8BC
:1074F00005F12004AE42E4B225D006F12003DBB250
:10750000072B06D806F007060120B040C0B2FBF7F3
:10751000D1FD072C04D93846BDE8F840FBF7B9BDCA
:1075200005F0070301209840C0B2FBF7BAFD3846CA
:10753000FBF7AFFD05F007050120A840BDE8F840C6
:10754000C0B2FBF7B7BD3846FBF7A3FD072CF1D956
:10755000F8BD04F12003DBB2072BF9D804F00704CF
:107560000120A040EAE700BFE61A0020E41A00204C
:107570000346A3F5F843183B07B50846062B3BD84E
:10758000DFE803F0171E0410252C33002623009398
:10759000E1231A4647F61A41FFF786FF002003B0A1
:1075A0005DF804FB27230093E5231A4647F61B41A9
:1075B000F2E726230093E022E12347F61841EBE7A8
:1075C00027230093E422E52347F61941E4E7262325
:1075D0000093E222E12347F61C41DDE727230093D5
:1075E000E622E52347F61D41D6E728230093E5224E
:1075F000012347F61E41CFE78B7813B1024B0022DF
:107600001A700120CBE700BFE61A0020114B10B51D
:107610001C78ECB901221A700F482246402102F072
:1076200045FE224680210C4802F040FE4FF47A705D
:1076300001F089FA084840F20622402102F036FEA5
:10764000BDE81040044840F20622802102F02EBE20
:1076500010BD00BFE71A002000040048014801F0F7
:1076600098BE00BF0869002010B5044638B1FFF786
:10767000F5FF013414BF4FF0FF306FF0010010BD73
:107680002DE9F043DFF86480154D85B00E46287073
:107690001449404617461C4601F06DFE12492D78EC
:1076A000A4FB010140F2E733C01841F100014FF49F
:1076B0007A720023F8F720FE4FF000096D0802905F
:1076C000CDF80490CDF800903B463246294640461E
:1076D00001F06DFE05B0BDE8F043FFF7C5BF00BF88
:1076E000E81A002014CE0008A086010008690020D6
:1076F000014B1860704700BFF01A0020014B18685A
:10770000704700BFF01A0020024B186808B10368E8
:1077100018477047F01A002008B5FFF7F5FF08BDBD
:10772000084B1B686BB1084A127842B1074A92F9BC
:107730000020002ABFBF02784270062202705B68F8
:1077400018477047F01A00208C0F0020DE650020DB
:10775000034A12681AB102210170936818477047F2
:10776000F01A00200B4B07B51A8882420ED0188001
:10777000094B1B6853B103228DF80500000A8DF8F0
:107780000600DB688DF8042001A8984703B05DF877
:1077900004FB00BFEC1A0020F01A00200B4B07B5C9
:1077A0001A8882420FD01880094B1B685BB10422F3
:1077B0008DF80500000A8DF80600DB688DF80420BE
:1077C0000DEB0200984703B05DF804FBEA1A0020B5
:1077D000F01A00200B4B1B78821C8BB10A4B93F9DB
:1077E0000030002BACBF05231D23002012F8011B25
:1077F00009B10130C0B2013BDBB2FF2BF6D17047BB
:107800000523F2E78C0F0020DE650020F1B1114B5B
:107810001B789BB1104B93F90030002B0EDAEF2947
:107820004FEAD10212D8104401F0070182780123F7
:107830008B40134214BF012000207047431C0730C7
:1078400013F8012F8A4203D08342F9D100207047F8
:10785000012070478C0F0020DE65002030B500222B
:10786000441C4FF0FF3314F8015F8D420BD0B3F18D
:10787000FF3F01D105B953B20132062AF3D15A1C98
:1078800001D01844817030BD10B5431C0022073070
:1078900013F8014F8C4208BF1A708342F8D110BD13
:1078A000EF294FEAD10307D8184401F00701827885
:1078B00001238B40134383707047EF294FEAD103B4
:1078C00008D8184401F00701837801228A4023EA8E
:1078D000020383707047000010B40A4C24780346FA
:1078E0000A4644B1084C94F90040002C03DA5DF8D4
:1078F000044BFFF7D5BF5DF8044B11461846FFF760
:10790000ADBF00BF8C0F0020DE65002010B40A4C14
:10791000247803460A4644B1084C94F90040002CF0
:1079200003DA5DF8044BFFF7C8BF5DF8044B11465E
:107930001846FFF7A9BF00BF8C0F0020DE650020AE
:10794000074B1B78023043B1064B93F90030002BF4
:1079500003DA1E22002103F0E9BF0622FAE700BF86
:107960008C0F0020DE65002008B5062203F0CEFF54
:10797000003818BF012008BD704708B5FFF7FCFFAD
:1079800008BD000008B50130024BC0B21870FFF707
:10799000F4FF08BDF41A002008B5034B032018704B
:1079A000FFF7EBFF08BD00BFF41A0020FFF7EABFA6
:1079B00008B5034B01201870FFF7DFFF08BD00BFBB
:1079C000F41A0020FFF7F4BF70477047704708B5FE
:1079D000FFF7FCFF08BD704708B5FFF7FCFF08BDC7
:1079E00010B5FFF7F1FFFCF743FEFFF7EEFF0024B1
:1079F000E0B2FCF71DFE18B90134062CF8D110BD19
:107A00000120FCE708B501F077F9BDE8084000F077
:107A100015BE08B5FBF715FABDE8084040F2A460B2
:107A200001F091B808B5FCF7A1F9FCF7B5F9FCF73E
:107A300067F9FCF7E9FF0020FFF794FE0020FFF74D
:107A4000ADFEBDE80840FBF708BA000008B53023DA
:107A500083F3118801F065F9044B054A186000238F
:107A60001360044A136083F3118808BD001B0020D3
:107A7000FC1A0020F81A0020FFF7E8BF70B5302389
:107A800083F31188124D01F04CF912492B680A68F2
:107A9000C41AA242104A0AD9A3F58333E03B106806
:107AA0002B600E4B04F583340344E03413600C6008
:107AB0001668002181F3118809480A4A4FF47A7543
:107AC0000023E4FB0501F8F717FC304470BD00BF4C
:107AD000001B0020FC1A0020F81A002088598F0291
:107AE0009F860100A086010008B5FFF7C7FF80B29E
:107AF00008BD10B50446FFF7C1FF001B80B210BDE2
:107B000010B50446FFF7BAFF001B10BDBFF34F8F3F
:107B10000549064BCA6802F4E0621343CB60BFF329
:107B20004F8F00BFFDE700BF00ED00E00400FA0545
:107B300008B5024B024A1A60FFF7E8FFFCFF00207D
:107B4000EFBEADDE08B5FFF7E1FF00000A4A08B559
:107B500052F8041C094B99420CD1002342F8043C12
:107B600083F31488064B1A6882F3088862B65B6850
:107B70009847FEE708BD00BF00000120EFBEADDE64
:107B80000000FF1F7047000008B5302383F3118801
:107B9000034800F065FC002383F3118808BD00BF93
:107BA0000C0F002070B50A4C0E46194623461546A8
:107BB000002243F8042FB0F87A2045EA062000F0AE
:107BC00015FB20606068002818BF204670BD00BF0C
:107BD000041B002090F87A10074A0229137807D175
:107BE000012B01D0062B05D1044B52781A70704737
:107BF000024A1370704700BF0C1B0020B81C002005
:107C000070B50446064803680D460BB100F0EAFD66
:107C10002B462146034A0248BDE8704000F0D8BD1B
:107C2000A01C0020297C000838B50C46302383F3C3
:107C300011880B78042B03D0002383F3118838BDFF
:107C4000124B1B78DB09F7D1114D2B78002BF3D0A9
:107C5000104B1B78002BEFD00B899B0705D40E4AE5
:107C600008230121204601F0C9FC28780B4BA0FB1A
:107C700003034FF47A72002300F2E7300021F8F793
:107C80003BFB21468000FFF7BBFFD5E7DE65002008
:107C9000BA1C00208C0F00207E1C0020A086010052
:107CA00038B590F8743003F07F02212A044671D170
:107CB00013F0800F90F875302CD0022B26D0032BB8
:107CC0001CD0012B66D190F878304BB1022B90F884
:107CD00076200CD0424BA3661A7094F87A200BE001
:107CE000404A82660822E2662367012068E0022A91
:107CF000F0D13D4B836606220023F4E7B0F87830DC
:107D0000002B47D1394A82660122ECE7384B836663
:107D10000122F1E70A2B34D00B2B0BD0092B39D1E0
:107D200090F8783013F0FD0F34D1324B8366022285
:107D3000314BD8E7B0F8783003BB90F876502B4B36
:107D4000002D14BF012200221A7017D1284B1A7877
:107D5000A2B1302282F311881878284BA0FB0303CC
:107D60004FF47A72002300F2E7300021F8F7C4FAEA
:107D700021468000FFF744FF85F311880022A266A8
:107D8000BAE71F491A4B097890F877201A70CD0985
:107D9000F4D1DDE7B4F8742040F281639A4214D143
:107DA00094F87920616894F878304D6894F87710E9
:107DB00043EA0223204694F87620A84708B9002019
:107DC00038BD43680268A36696E70E4B93F8B63059
:107DD000002BF4D02046BDE8384000F023BB00BFA4
:107DE000581C00207E1C0020781C00208C0F0020D6
:107DF000BA1C00200C1B0020D57B0008A0860100C7
:107E0000DE650020380E002010B5064A064C1178B9
:107E100024784B1C03F00F039C421EBF034C1370CD
:107E2000605410BD16680020176800200668002006
:107E300038B504460846052944D8DFE801F0384340
:107E400003383844302383F31188244D244A012118
:107E5000204601F083FB234A0421204601F07EFBEB
:107E600095F8B41005F14402204601F077FB95F82F
:107E7000B51005F16802204601F070FB95F8B610C8
:107E800021B105F18C02204601F068FB164800F094
:107E9000B2FA002383F31188144B1B7813B1052029
:107EA000FFF7B2FF0220BDE83840FFF7ADBFFFF794
:107EB000ABFF302383F311880B4800F079FA0023DD
:107EC00083F3118838BD302383F31188064800F00E
:107ED00087FA002383F311880520E4E7380E002099
:107EE00054CE000830CE00080C0F00200E1B0020DE
:107EF00008B510220448002103F018FD034A0023AE
:107F00001370034A137008BD06680020166800202D
:107F100017680020F8B5284D284C287823780022CF
:107F200098422FD102B12070F8BD2370244B1E70EF
:107F3000244B93F87F10081E18BF0120FFF72CFD7B
:107F4000EBE723701E4B00221A70FFF76BFD1D4BF1
:107F500093F87F10081E18BF0120FFF727FDDCE70C
:107F60002370184B93F87F10081E18BF0120FFF7ED
:107F700009FDD2E7002123700846F8E72370FFF7D8
:107F800017FDCAE7104E19460122715C013303F058
:107F90000F0316460529C3D801A757F821F000BFE3
:107FA0007D7F0008217F0008617F0008757F000841
:107FB0002B7F0008437F0008166800201768002008
:107FC0000E1B0020A86900200668002070B5184C20
:107FD00004F10802A26504F11C02C4F8802004F137
:107FE0003002C4F8A02004F1B006D434054631466E
:107FF000204600F09BF920460E4C314600F0C0F9B7
:10800000A36D23F40043A365284601F07EFA41F2F4
:10801000883000F098FD0849284601F062FAA36D07
:1080200043F40043A365054B00221A6070BD00BFF6
:10803000380E00200068004020CE0008A01C002060
:108040007047000008B5044901F04BFA034A936DEC
:1080500043F40043936508BD20CE0008006800404B
:10806000014B1878704700BFB81C002070B5302352
:1080700004460D46164683F311880F480378042BF7
:1080800003D0002383F3118870BD02890123A3402C
:1080900013420AD000EB84004FF47A71C368586928
:1080A0000C3000F05DFD0130EBD0034833462A462A
:1080B000214601F0A3FAE4E7A869002010B50D4BB2
:1080C0001B78044653B9014608220120FFF7CEFF72
:1080D00020222146084803F075FC10BD074B93F998
:1080E0000030002B0146B5BF2022082204200120C9
:1080F000ECE700BF8C0F00207E1C0020DE65002016
:1081000010B50146044606220420FFF7AFFF062201
:108110002146024803F056FC10BD00BF781C002029
:10812000014603220420FFF7A1BF0000202910B45C
:1081300003460A4608D1064850F8D41F4C68194631
:1081400023465DF8044B18475DF8044B704700BFA9
:10815000380E002070B50A4C88B004F1D405D4F86C
:10816000D43020221E6A694600232846B04720B139
:10817000C1B26846FAF799FDF1E708B070BD00BFDB
:10818000380E0020FFF7E2BC7047704708B5FFF7D4
:10819000F9FF03F0A7F9FFF7F7FF08BD08B503F0F3
:1081A000D5F9FFF7F2FF08BDFFF70CBC08B5FFF7E4
:1081B0009FFE0648FFF70AFF054B064A1A6041F288
:1081C0008830BDE8084000F0BEBC00BFA8690020B0
:1081D000BC1C0020900F0020014B1868FFF788BAE4
:1081E000BC1C0020FFF796BEFFF7B4BF020A032AAB
:1081F00013D006D8012A24D0022A25D00020024616
:1082000016E0212A16D0222AF8D10229F6D8104ADF
:10821000104852F82120405C0AE0C0B20228EDD894
:108220000D4A52F82020C0EBC0004000043080B25C
:108230001A6070470229E1D8084A092052F8212023
:10824000F6E7074A1220F3E7064A5B20F0E700BF93
:108250007CCE000878CE000894CE000888CE0008B6
:1082600035CF0008DACE000813B5446BE36F1A6807
:108270001178042915D1217A022912D1197912898C
:1082800001238B4013420CD101A904F1440000F0FA
:1082900045FE024628B1E06F019B0179006801F0BC
:1082A000ADF902B010BD0C3000F0D4BD4FF0FF337B
:1082B0000C3000F0CFBD443000F098BE4FF0FF33DB
:1082C000443000F093BE0C3000F0A7BD4FF0FF31FA
:1082D0000C3000F0A2BD443000F068BE4FF0FF3219
:1082E000443000F063BE10B5C36F1A6811780429DA
:1082F000044616D1017A022913D1597952890123F2
:108300008B4013420DD10C3000F042FD024640B1CB
:10831000E06FA36A41790068BDE81040043B01F0BA
:108320005BB910BD406BFFF7DEBF00007FB50346B1
:10833000104A43F8042B012643600F4B067202904B
:108340000193CB6800930D4604464B690A6A0C30D2
:10835000314600F0FBFC094B02940193AB6800939B
:108360002B69EA69314604F1440000F0B4FD04B021
:1083700070BD00BF60D00008258300086982000836
:108380000B68302282F311880A7903EB8202906233
:108390004A79113243F822008A7912B103EB820341
:1083A000986202230372C167002383F31188704728
:1083B00038B5044601250221043000F02BFC04F1FD
:1083C0000C0025756FF0010100F0FDFB84F84C50A6
:1083D00004F144006FF00101BDE8384000F0F3BB48
:1083E00010B501210446043000F014FC002323756D
:1083F00084F84C3010BD38B5044600250C3000F030
:10840000BCFC04F14400257500F07CFD201D84F8BF
:108410004C50012100F0FEFB2046BDE83840FFF73C
:1084200062BF000090F8743003F06003202B05D188
:1084300090F87530212B03D81F2B0BD800207047E4
:10844000222BFBD100231A4683660023C2660367F2
:1084500001207047014B0722F6E700BFA00F002064
:1084600073B5C36F1A6811780429044628D1017ABC
:10847000022925D11979128901238B4013EA0205BB
:108480001ED100F14406304600F0F3FDC0B1304685
:1084900001A900F043FDE36F1A7E06464AB1019838
:1084A0001A692946121A304403F040FAE36F1B6937
:1084B0000193E06F019B01790068324601F09EF85C
:1084C00002B070BD00EB81032DE9F3419E6A0446C2
:1084D0000D46FEB1302383F3118804EB8507082194
:1084E000301D00F097FBFB685B691B6806F14408D0
:1084F00013B1404600F01FFD01A9404600F00EFDFB
:10850000024650B1019B2946204601F077F800232E
:1085100083F3118802B0BDE8F081FA6853691968E5
:108520000029F4D0138A013B0B42F0D1F36F1B7E7C
:10853000002BECD1126802F00302022AE7D104F109
:108540007402E0E7113110B550F82140C4B1302376
:1085500083F311880421601800F05CFBE26F13685C
:10856000527903EB820304F10C00DB689B695968C4
:1085700000F018FC2046FFF7B6FE002383F31188B5
:1085800010BD7047024B034A1A60034A5A60704795
:1085900018680020306A002000000120094B30B527
:1085A0001C684D1E224449422A440A40596810441E
:1085B000884204D8A04202D31860104630BD002281
:1085C000FBE700BF1868002008B5302383F311884B
:1085D000FFF7E4FF002383F3118808BD704770475D
:1085E000FEE7000070B5144C082560682368A26897
:1085F000043B01468A4219D8D31C1B1AC11E23F022
:1086000003038A4238BF00231844E368DA1C121AB5
:10861000C11E22F00302994288BF0022002103F00C
:1086200085F9013D04F11004DFD170BD53F8046FEA
:1086300041F8046BDEE700BF88D0000838B5084C6D
:108640000123002523706560FFF79CFF054906485C
:1086500000F0F2F90223237085F3118838BD00BFC2
:10866000206800200CD100082868002072B6034B57
:10867000D865034B03221A70FEE700BF286800206C
:108680002068002000F0E4B8EFF3118020B9EFF388
:108690000583302282F31188704710B530B9EFF3AB
:1086A0000584C4F3080414B180F3118810BD00F0F0
:1086B000B5F984F31188F9E7024AD36A0343D36218
:1086C000704700BF2868002010B503689C68A2426C
:1086D0000CD85C688A600B604C60216059609968B6
:1086E000891A99604FF0FF33836010BD1B68121B1D
:1086F000ECE7022938BF022170B504460D46022678
:10870000601900F01FFB00F00CFB041BA54203D80E
:10871000751C2E460446F3E7022E04D9BDE87040CE
:108720000120FFF7C9BF70BDF8B5144B1446D961DD
:10873000826003F110024260022C1A69026038BFA5
:1087400002245060186108190D4600F0EEFA022765
:1087500000F0E7FA431BA342064606D37C1C281907
:1087600000F0F0FA27463546F2E7022F04D9BDE8BB
:10877000F8400120FFF7A0BFF8BD00BF2868002027
:1087800070B50D46064600F0CCFA0F490B4653F87B
:10879000102F9A4206D12A4601463046BDE8704065
:1087A000FFF7C2BFCB69C41A2C19936828BF2C46A7
:1087B000A34202D92946FFF79CFF224631460348CF
:1087C000BDE87040FFF780BF2868002038680020AF
:1087D00010B4036100235DF8044BC2604361FFF7EE
:1087E000CFBF000010B5194C236998420DD0036823
:1087F0004268816813605A609A680A449A6000234C
:1088000003604FF0FF33A36110BD2346026843F8B5
:10881000102F53600022026022699A4203D1BDE802
:10882000104000F08ABA936881680B44936000F0AE
:1088300078FA2269E1699268441AA242E4D91144A3
:10884000BDE81040091AFFF754BF00BF2868002098
:108850002DE9F047294E06F11008294F356900F03F
:1088600060FAF469AA68011B8A423AD82B6814445A
:108870006A68F46113605A6000232B603269BA425F
:10888000994601D100F059FA89F31188EB682969FA
:1088900028469847302383F311886B69002BDDD07D
:1088A00000F03FFA6A69A0EB040A524581460BD2F8
:1088B0000220FFF701FF3369BB4210D05246294620
:1088C0004046FFF701FFC8E73369BB42F7D12244B6
:1088D000121A49462846BDE8F047FFF725BF002297
:1088E000F7E73169B94207D01444211AF061A96051
:1088F000BDE8F047FFF7FDBEBDE8F087286800201F
:108900003868002000230375826803691B68996832
:108910009142FBD25A680360426010605860704711
:1089200000230375826803691B6899689142FBD82C
:108930005A680360426010605860704708B5084686
:10894000302383F311880A7D0023052A06D8DFE847
:1089500002F00B050503120E826913604FF0FF331E
:108960008361FFF7CFFF002383F3118808BD82697D
:108970009368013393604268036813605A60EDE7BF
:10898000FFF7C0BF054BD9680875186802681A6000
:10899000536001220275D860F7F794BC2868002064
:1089A00030B50C4BDD684B1C87B004460FD02B460E
:1089B000094A6846FFF70CFF2046FFF7E3FF009BDC
:1089C00013B16846FFF70EFFA86907B030BDFFF787
:1089D000D9FFF9E7286800203D890008044B1A6890
:1089E000DB6890689B68984294BF00200120704724
:1089F00028680020084B10B51C68D86822681A60E7
:108A0000536001222275DC60FFF78AFF0146204691
:108A1000BDE81040F7F756BC28680020044B1A68E0
:108A2000DB6892689B689A4201D9FFF7E3BF704701
:108A30002868002030BFFDE770B51B4B016300259F
:108A4000044686B085620E46586000F007F904F1CE
:108A50001003236163614FF0FF33A36124606460FE
:108A6000A560E562E56100F05CF92B460246C4E9C9
:108A7000082304F134010D4AE5658023204600F007
:108A80001BF80123E0600A4A0375009272680192A4
:108A9000B268CDE90223074B6846CDE9043500F002
:108AA0003DF806B070BD00BF2068002018D1000856
:108AB0001DD10008358A00088B6002224B6200231A
:108AC00008618A820B62CB61084670478368C1687F
:108AD000A3F18C0243F81C2C026943F84C2C426928
:108AE00043F8482C0B4A43F82C2C02220A4803F87E
:108AF000142C002243F8180C43F8201C03F8132C04
:108B000043F8041C43F8082C43F80C2CA3F128006C
:108B1000704700BFDD0200082868002008B5FFF795
:108B2000D5FFBDE80840FFF72BBF0000024BDB6814
:108B300098610F20FFF726BF28680020302383F3B9
:108B40001188FFF7F3BF08B50146302383F311887E
:108B50000820FFF725FF002383F3118808BD0000DC
:108B6000054BDB6821B1036098610320FFF718BF54
:108B70004FF0FF30704700BF2868002003460068B0
:108B800020B100221A608161FFF7FABE7047000031
:108B9000064BDB6839B1426818605A601360436065
:108BA0000420FFF7FDBE4FF0FF307047286800201B
:108BB00003460068834205D002681A6053608161F1
:108BC000FFF7DEBE704738B504460D462068844284
:108BD00000D138BD036823605C608561FFF7D0FE7B
:108BE000F4E700230060406083607047C369194365
:108BF000037DC1610A2B03D18369194205D17047F6
:108C00000B2B06D183698B4303D100238361FFF7CC
:108C1000B7BE704770B5046806460D46B44200D131
:108C200070BDE3682B43E36015B123691D4203D097
:108C3000A1686068FFF7DAFF2468EFE7EFF30983C4
:108C400005494A6B22F001024A63683383F30988BD
:108C5000002383F31188704700EF00E0302080F399
:108C6000118862B60C4B0D4AD96821F4E061090401
:108C7000090C0A43DA60D3F8FC20094942F08072FB
:108C8000C3F8FC200A6842F001020A602022DA7769
:108C900083F82200704700BF00ED00E00003FA05F2
:108CA000001000E010B5302383F311880E4B5B6891
:108CB00013F4006314D0F1EE103AEFF30984683C2A
:108CC0004FF08073E361094BDB6B236684F3098803
:108CD000FFF784FE10B1064BA36110BD054BFBE707
:108CE00083F31188F9E700BF00ED00E000EF00E03A
:108CF000EF020008F202000808B501F041F801F0A7
:108D0000C7FA00F02FFB00F09BFB00F0DBFB00F04C
:108D100068FBFFF743FABDE8084000F000B801F037
:108D2000C7BF4FF08043586A70474FF0804300221E
:108D300058631A610222DA6070474FF080430022C4
:108D4000DA6070474FF080435863704730B5039C3A
:108D50000172043304FB0325C361049B03630021F8
:108D6000059B00604060C1604261026185610462F0
:108D700042628162C162436330BD416A4161002247
:108D80000161C2608262C2626FF00101FFF71BBF26
:108D900003694269934201D1C2680AB9181D70473C
:108DA0000020704703691960C2680132C260C2695D
:108DB000134482690361934224BF436A0361002123
:108DC000FFF7F6BE38B504460D46E3683BB162696D
:108DD000131D1268A3621344E362002007E0237AA4
:108DE00033B929462046FFF7D3FE0028EDDA38BD17
:108DF0006FF00100FBE7C368C269013BC3604369D0
:108E0000134482694361934224BF436A4361002350
:108E10008362036B03B11847704770B53023044673
:108E200083F31188866A3EB9FFF7CCFF054618B177
:108E300086F31188284670BDA36AE26A13F8015BC5
:108E4000A362934202D32046FFF7D5FF002383F3AA
:108E50001188EFE72DE9F84F04460F4691469A46F0
:108E60004FF0300888F311880026B346A56A4DB943
:108E700051462046FFF7A6FF20B185F31188304602
:108E8000BDE8F88FA16AE56AA9EB06036D1A9D4259
:108E900028BF1D46402D15D93846402202F092FDCC
:108EA000A36A403740334036E26AA3629A4202D84E
:108EB0002046FFF7A0FF8BF311884E45DFD288F3E1
:108EC0001188D3E738462A4602F07CFDA36A2F4476
:108ED0002B442E44E8E710B5029C0172043303FBD7
:108EE0000421C36100238362C362039B0363049B69
:108EF00000604060C460426102618161046242625C
:108F0000436310BD026AC260426A4261026100228C
:108F10008262C2626FF00101FFF755BE03464069ED
:108F20001A69824201D1DB681BB950F8043B0B601F
:108F3000704700207047C368C2690133C36043694A
:108F4000134482694361934224BF436A4361002111
:108F5000FFF72EBE38B504460D46E3683BB12369E2
:108F60001A1DA262E2691344E362002007E0237A3B
:108F700033B929462046FFF70BFE0028EDDA38BD4D
:108F80006FF00100FBE703691960C268013AC26033
:108F9000C269134482690361934224BF436A036137
:108FA00000238362036B03B11847704770B5302309
:108FB0000D460446114683F31188866A2EB9FFF7E1
:108FC000C9FF10B186F3118870BDA36A1D70A36A32
:108FD000E26A01339342A36204D3E1692046043973
:108FE000FFF7D1FF002080F31188EDE72DE9F84F5E
:108FF00004460F4691469A464FF0300888F3118890
:109000000026B346A56A4DB951462046FFF7A2FF98
:1090100020B185F311883046BDE8F88FA06AE56A73
:10902000A9EB06032D1A9D4228BF1D46402D17D9D6
:109030003946402202F0C6FCA36A4037403340362E
:10904000E26AA3629A4204D8E16920460439FFF734
:109050009AFF8BF311884E45DDD288F31188D1E752
:1090600039462A4602F0AEFCA36A2F442B442E4414
:10907000E6E7026941698A42034616D1C068A8B191
:10908000986A98B10438801A10D01060D9680139F4
:10909000D960D9690A4499691A618A4224BF5A6A17
:1090A0001A6100229A620120704700207047F8B5CB
:1090B000154682680669AA420B46816938BF8568F1
:1090C000761AB54204460BD22A46184602F07AFCBC
:1090D000A2692A44A368A2615B1BA3602846F8BD6D
:1090E0000CD91846324602F06DFCAF1B3A46E168D7
:1090F000304402F067FCE368DA19EBE72A461846C9
:1091000002F060FCE268E5E783682DE9F04104467F
:1091100093421546276938BF856840693F1ABD42AA
:109120000E460BD22A4602F04DFC62692A44A3681F
:1091300062615B1BA3602846BDE8F0810DD93A4609
:10914000A5EB070802F03EFC4246E068F11902F088
:1091500039FCE36803EB0802E9E72A4602F032FC37
:10916000E268E4E710B5C160002481614161C36138
:109170001144029B0060406084600161036210BD85
:1091800008B582694369934201D1826882B98268D5
:10919000013282605A1C42611970036942699A4225
:1091A00024BFC36843610021FFF702FD002008BD12
:1091B0004FF0FF30FBE770B5302304460D4683F3D4
:1091C0001188A668A6B1A368A269013BA360531CDD
:1091D000A36115782269934224BFE368A361E36920
:1091E0000BB120469847002383F31188284607E0F7
:1091F00029462046FFF7CCFC0028E2DA86F31188E6
:1092000070BD2DE9F74F04460E4617469946D0F833
:109210001CA04FF0300888F311884FF0000B154662
:1092200065B12A4631462046FFF741FF034660B943
:1092300049462046FFF7ACFC0028F2D0002383F318
:109240001188781B03B0BDE8F08FBAF1000F03D08E
:1092500001902046D047019B8BF31188ED1A1E44E4
:1092600088F31188DCE7C16081614161C361114409
:10927000009B006040608260016103627047F8B546
:1092800004460D461646302383F31188A768A7B11C
:10929000A368013BA36063695A1C62611D70236966
:1092A00062699A4224BFE3686361E3690BB12046B7
:1092B0009847002080F3118807E031462046FFF7E9
:1092C00067FC0028E2DA87F31188F8BD83694269F8
:1092D0009A4210B501D182687AB9826801328260FF
:1092E0005A1C82611C7803699A4224BFC368836157
:1092F0000021FFF75DFC204610BD4FF0FF30FBE77B
:109300002DE9F74F04460E4617469946D0F81CA0A3
:109310004FF0300888F311884FF0000B154665B107
:109320002A4631462046FFF7EFFE034660B949461C
:109330002046FFF72DFC0028F2D0002383F311888C
:10934000781B03B0BDE8F08FBAF1000F03D0019095
:109350002046D047019B8BF31188ED1A1E4488F3F9
:109360001188DCE701F084B9012303700023436016
:109370000C30FFF736BC10B53023044683F3118858
:10938000416001F085F902232370002080F31188E9
:1093900010BD10B53023044683F3118801F0D6F9CF
:1093A000002301226360227083F3118810BD7FB512
:1093B0000446302585F311880326067000250A9E91
:1093C00085600296099E0196089E009601F008FAB3
:1093D000431C14BF02230523237085F3118804B0B6
:1093E00070BD01F03DBB0000014B0360704700BF42
:1093F000A80F002001F070BB01F0DABB0C30FFF7C2
:1094000000BF4FF0FF330C30FFF7FBBE3030FFF7EB
:1094100077BF4FF0FF333030FFF772BF0C30FFF7EC
:10942000CABE4FF0FF310C30FFF7C5BE3030FFF73A
:1094300026BF4FF0FF323030FFF721BF00207047CA
:1094400001F076BC0346034A43F8042B4360012332
:109450000372704724D1000810B53023044683F30B
:10946000118801F08DFC02232372002080F3118803
:1094700010BD38B5436904460D461BB904210844A4
:10948000FFF7C8FB294604F10C00FFF779FE00281E
:1094900006DA201D4FF48061BDE83840FFF7BABB03
:1094A00038BD10B5044690F8763080F87E3001F073
:1094B00075FE63681B6813B101212046984703239A
:1094C000237010BD01F046BE10B5012304463822BA
:1094D00000F82C3B002102F029FA00236360A3600E
:1094E00010BD10B53023044683F31188202241605B
:1094F00000210C3002F01AFA204601F0D3FE0223BC
:109500002370002080F3118810BDF8B50446302385
:1095100083F31188254601F023FE002601236660AF
:1095200005F8083B2834374655F8043F73B15869AD
:1095300020B16FF001010C30FFF720FB2B68986918
:1095400020B16FF001010C30FFF718FBA5422E602F
:10955000EAD1FFF763FA87F31188F8BD70B500EB25
:10956000810305465069DA600E46144618B114228C
:10957000002102F0DBF9A06918B11422002102F0E9
:10958000D5F931462846BDE8704001F011BEF8B566
:10959000836803F001130446836000F10C0500F1B9
:1095A0002806002755F8043F73B1586920B16FF0C1
:1095B00001010C30FFF7E2FA2B68986920B16FF0D7
:1095C00001010C30FFF7DAFAB5422F60EAD12046EC
:1095D000BDE8F84001F096BEF0B400EB8104478985
:1095E000E4680125A4698D403D4345812360002343
:1095F000A2606360E360F0BC01F0CCBEF0B400EBAD
:1096000081040789E468012564698D403D43058133
:1096100023600023A2606360E360F0BC01F0DCBE65
:1096200010B50378052B0BD1064C236C43F01003C7
:109630002364C820FFF787FA236C23F01003236408
:1096400010BD00BF006800402DE9F0470546002628
:1096500002230370C66745F8086F044600F1280727
:109660004FF03008B14655F8043F9BB188F311889C
:109670002B68586920B16FF001010C30FFF77EFABA
:109680002B68986920B16FF001010C30FFF776FA72
:1096900089F31188BD422E60E5D184F864602046CC
:1096A00001F0E2FD63681B6823B120460021BDE89C
:1096B000F0471847BDE8F087F8B5037880F88030A8
:1096C0000523037043681B6804460BB104219847C7
:1096D0002546002645F8086F2834302755F8043F02
:1096E0009BB187F311882B68586920B16FF0010195
:1096F0000C30FFF743FA2B68986920B16FF0010135
:109700000C30FFF73BFA86F31188A542E6D1F8BD8D
:1097100090F88020436802701B680BB10521184740
:109720007047000070B590F86430044613B1002310
:1097300080F8643004F17402204601F011FE636881
:109740009B68B3B994F8743013F0600539D00021E8
:10975000204601F075FE0021204601F05FFE63689F
:109760001B6813B1062120469847062384F864300D
:1097700070BD204698470028E4D094F87B2094F8E8
:109780007A3043EA0223E26E9A4288BFE36694F994
:109790007430E56E002B4FF0300380F2F580002D21
:1097A00000F0E480092284F8642083F3118800210A
:1097B000E36EA26E2046FFF721FF002383F311889A
:1097C000D6E794F8752003F07F0343EA022340F2C2
:1097D0000232934200F0B78021D8B3F5807F4DD09C
:1097E0000DD8012B44D0022B00F08580002BAED188
:1097F00004F17C02A2660222E2662367BDE7B3F5AC
:10980000817F00F08D80B3F5407FA0D194F8763051
:10981000012B9CD1B4F87C3043F0020337E0B3F560
:10982000006F3ED01CD8B3F5A06F36D0A3F5C0634F
:10983000012B8CD894F87920616894F878304E68C0
:1098400094F8771043EA0223204694F87620B04734
:1098500000283FF47CAF4368A3660368E3661AE020
:10986000B3F5106F22D040F6024293427FF46FAFFF
:10987000524BA3660223E3660023BEE794F87630DA
:10988000012B7FF464AFB4F87C3023F00203A4F81A
:109890007C30A566E56625676FE7494BA566E566FA
:1098A000ABE704F17F03A3660123D7E72378042BFA
:1098B00010D1302383F311882046FFF768FE85F32B
:1098C00011880321636884F87F5021701B680BB1F5
:1098D0002046984794F876304BB184F87F300423C3
:1098E000237063681B6813B1022120469847002348
:1098F000A366E36681E794F878301D0603F00F0154
:1099000020460AD501F01EFD012804D002287FF46C
:109910001EAF2C4BADE72C4BABE701F005FDF3E799
:1099200094F87630002B7FF412AF94F8783013F06F
:109930000F01DCD01A06204602D501F0A9FDD6E7BA
:1099400001F090FDD3E794F87630002B7FF4FFAE62
:1099500094F8783013F00F01C9D01B06204602D5C9
:1099600001F06EFDC3E701F059FDC0E7142284F851
:10997000642083F311882B462A4629462046FFF7A8
:109980002BFE85F31188F3E65DB1152284F864207F
:1099900083F311880021E36EA26E2046FFF71CFEC0
:1099A0000BE70B2284F8642083F311882B462A46A8
:1099B00029462046FFF722FEE3E700BF50D100080A
:1099C000A39400084ED100084CD1000838B590F897
:1099D00064300446002B42D0063BDAB20F2A38D856
:1099E0000F2B36D8DFE803F03B3535082636353502
:1099F0003535353535353B3B90F87A3090F87B205E
:109A0000C56E43EA02239D4214D2C3681B8AB5FB8C
:109A1000F3F203FB12556DB9302383F311882B4603
:109A20002A462946FFF7EAFD85F311880A2384F8C0
:109A300064300EE0142384F86430302383F31188FB
:109A400000231A4619462046FFF7C6FD002383F37C
:109A5000118838BD036F03B198470023E7E7002161
:109A6000204601F0EDFC0021204601F0D7FC6368A0
:109A70001B6813B10621204698470623D7E710B587
:109A800090F86430142B044629D017D8062B05D043
:109A900001D81BB110BD093B022BFBD80021204689
:109AA00001F0CEFC0021204601F0B8FC63681B6881
:109AB00013B1062120469847062319E0152BE9D15A
:109AC0000B2380F86430302383F3118800231A4677
:109AD0001946FFF793FD002383F31188DAE7C36883
:109AE0009B695B68002BD5D1036F03B198470023B6
:109AF00084F86430CEE74FF0E023002258684FF03E
:109B0000FF31930003F1604303F56143013290425A
:109B1000C3F88010C3F88011F3D2704700F160439E
:109B200003F561430901C9B283F80013012200F073
:109B30001F039A4043099B0003F1604303F561430F
:109B4000C3F880211A60704700F01F0301229A4079
:109B500043099B0003F1604303F5614300F160405A
:109B600000F56140C3F88020C3F88021002380F80D
:109B700000337047074A08B5536903F00103536186
:109B800023B1054A13680BB150689847BDE80840F7
:109B9000FFF788B80004014088680020074A08B52C
:109BA000536903F00203536123B1054A93680BB173
:109BB000D0689847BDE80840FFF774B8000401403A
:109BC00088680020074A08B5536903F0040353610D
:109BD00023B1054A13690BB150699847BDE80840A5
:109BE000FFF760B80004014088680020074A08B504
:109BF000536903F00803536123B1054A93690BB11C
:109C0000D0699847BDE80840FFF74CB80004014010
:109C100088680020074A08B5536903F010035361B0
:109C200023B1054A136A0BB1506A9847BDE8084052
:109C3000FFF738B80004014088680020164B10B5C3
:109C40005C6904F478725A61A30604D5134A936AD6
:109C50000BB1D06A9847600604D5104A136B0BB15C
:109C6000506B9847210604D50C4A936B0BB1D06B0F
:109C70009847E20504D5094A136C0BB1506C98471C
:109C8000A30504D5054A936C0BB1D06C9847BDE889
:109C90001040FFF707B800BF0004014088680020AB
:109CA000194B10B55C6904F47C425A61620504D515
:109CB000164A136D0BB1506D9847230504D5134A0E
:109CC000936D0BB1D06D9847E00404D50F4A136E25
:109CD0000BB1506E9847A10404D50C4A936E0BB19A
:109CE000D06E9847620404D5084A136F0BB1506FC9
:109CF0009847230404D5054A936F0BB1D06F98475A
:109D0000BDE81040FEF7CEBF000401408868002087
:109D100008B5034801F082F8BDE80840FEF7C2BF6D
:109D20004869002008B500F0E7FFBDE80840FEF7ED
:109D3000B9BF062108B50846FFF7F0FE0621072047
:109D4000FFF7ECFE06210820FFF7E8FE06210920B8
:109D5000FFF7E4FE06210A20FFF7E0FE06211720A8
:109D6000FFF7DCFE06212820FFF7D8FE07211C2084
:109D7000FFF7D4FEBDE808400C212620FFF7CEBE39
:109D800008B500F0E5F8FFF7B6FEBDE80840FFF7BC
:109D9000D0BF0000694B4FF0FF319A6A99629A6A0E
:109DA00000229A62986AD86A60F08700D862D86AFE
:109DB00000F08700D862D86A186B1963186B1A63B1
:109DC000186B986B9963986B9A63986BD86BD9638F
:109DD000D86BDA63D86B186C1964196C1A641A6C36
:109DE000574A4FF4E06111601A6E42F001021A66A0
:109DF000D3F8802022F00102C3F88020D3F880201D
:109E00009A6D42F080529A659A6F22F080529A675A
:109E10009A6F9A6D42F480629A659A6F42F48062FA
:109E20009A679A6F474A4FF440711160516911F473
:109E30008061FBD15160516841F4806151601A68C2
:109E400022F0F00242F060021A601A6842F0010249
:109E50001A601A689007FCD500229A609A6812F07E
:109E60000C02FBD1D3F8901001F44071B1F5007FE2
:109E70001EBF4FF48031C3F89010C3F89020D3F880
:109E8000942042F00102C3F89420D3F89420910763
:109E9000FBD561221A601A689207FCD500229A60ED
:109EA0009A6812F00C0FFBD169221A60D3F8942043
:109EB00022F4706242F4C062C3F894201A6842F43B
:109EC00080721A601A685005FCD5D3F8982042F0C9
:109ED0000102C3F89820D3F898209107FBD5D3F856
:109EE000902042F4004222F0032242F40072C3F8B0
:109EF0009020154ADA601A6842F080721A601A6877
:109F00009201FCD500229A600D49104AC3F88820BE
:109F10000A6822F0070242F002020A600A6802F0B0
:109F20000702022AFAD19A6842F003029A609A68FC
:109F300002F00C020C2AFAD1704700BF0010024058
:109F40000020024000700040120C00015555013005
:109F50000B480C49002210B50123026042604C6896
:109F600040F8332001330F2B226001F11401F6D1A8
:109F7000054A4FF0FF335360C2F8043410BD00BFF0
:109F8000A01E002054D10008000002400D282DE939
:109F9000F04104464FD8294D0126864028683042BA
:109FA00049D104F1010CDFF89C8045F83C2005EB19
:109FB000CC0C1427CCF804303043730607FB04871D
:109FC000286009D01E4B986C40F001009864986E90
:109FD00040F0010098669B6E16F47E5F09D0184B26
:109FE000986C40F002009864986E40F00200986609
:109FF0009B6E62B1142303FB048368689A68104265
:10A0000002D1987CFFF78AFD6B6833436B601423A1
:10A010005C4308EB040158F804004B68097C1A689B
:10A0200022F00F021A600E228A40426000221A605B
:10A030003846BDE8F0810027FAE700BFA01E0020E7
:10A040000010024054D1000838B51B4C457C2368F1
:10A050000122AA4023EA02032360636823EA020381
:10A0600082686360134202D1807CFFF76DFD013589
:10A070000023216844F8353004EBC5054A066B60BF
:10A080000CD103F1804303F504339A6C22F00102F2
:10A090009A649A6E22F001029A669B6E11F47E5FBA
:10A0A00009D1064B9A6C22F002029A649A6E22F051
:10A0B00002029A669B6E38BDA01E0020001002406E
:10A0C00010B40468037C2168427C4068D940006871
:10A0D00001F00E0108420ED001FA03F36360013271
:10A0E000064B53F8324034B103EBC20358682346A1
:10A0F0005DF8044B18475DF8044B7047A01E002024
:10A1000008B50348FFF7DCFFBDE80840FEF7CABD0D
:10A1100054D1000808B50348FFF7D2FFBDE8084056
:10A12000FEF7C0BD68D1000808B50348FFF7C8FFB7
:10A13000BDE80840FEF7B6BD7CD1000808B503486D
:10A14000FFF7BEFFBDE80840FEF7ACBD90D10008A8
:10A1500008B50348FFF7B4FFBDE80840FEF7A2BD0D
:10A16000A4D1000808B50348FFF7AAFFBDE80840DE
:10A17000FEF798BDB8D1000808B50348FFF7A0FF67
:10A18000BDE80840FEF78EBDCCD1000808B50348F5
:10A19000FFF796FFBDE80840FEF784BDE0D1000858
:10A1A00008B50348FFF78CFFBDE80840FEF77ABD0D
:10A1B000F4D1000808B50348FFF782FFBDE8084066
:10A1C000FEF770BD08D2000808B50348FFF778FF16
:10A1D000BDE80840FEF766BD1CD2000808B503487C
:10A1E000FFF76EFFBDE80840FEF75CBD30D2000807
:10A1F00008B50348FFF764FFBDE80840FEF752BD0D
:10A2000044D2000808B50348FFF75AFFBDE80840EC
:10A21000FEF748BD58D2000820F07F4211F0030F2E
:10A2200030B51A4B22F402026FEA00040FD119680C
:10A2300021401960596821405960996821EA02015A
:10A240009960D96821EA0201D9605A6130BD9D68E0
:10A2500011F0010F14BF154395439D60DD6811F0A7
:10A26000020F14BF2A4325EA0202DA604A0706D425
:10A270001A6802431A605A6822405A60E6E75A6830
:10A2800002435A601A6822401A60DFE70004014066
:10A290000023054A19460133102B1160516002F169
:10A2A0000802F8D1704700BF886800202DE9F04F00
:10A2B00085B0C2F3C31302F0030B0293C2F3003361
:10A2C000C2F3800AC2F3C108C2F3411EC2F3C0291F
:10A2D00003935F460022CB0747D5029C02F0070399
:10A2E0009B0004FA03FC01254468954024EA050418
:10A2F00044EA0A044460C46A24EA050444EA0904FE
:10A30000C462EE43032485680196560004FA06F6FB
:10A3100025EA060545EA08058560C56825EA0605BB
:10A3200045EA0E05C5600F2505FA03F3BBF1020FE0
:10A330006FEA06046FEA030324D1072A95BF056A72
:10A34000456A1D401D4095BF45EA0C0545EA0C05D0
:10A3500005624562036823403B430360C369019C77
:10A360001C402346039C2343C36149081CD04FEA89
:10A370004A0A4FEA49094FEA88084FEA8E0EBF00A1
:10A380000132A8E705682C403C430460072A95BFCA
:10A39000046A446A1C401C4095BF44EA0C0444EA29
:10A3A0000C0404624462D9E705B0BDE8F08F0000F8
:10A3B00070B501248C4001F0030321F0030101F189
:10A3C000804101F580319B008D68C0F383200F260A
:10A3D000984006FA03F325EA030528430B4B8860EF
:10A3E0009868E14312F0010F14BF204308409860C1
:10A3F00012F0020FDA6814BF22430A40DA601A68CA
:10A4000014431C605A680A405A6070BD0004014041
:10A41000124B70B59C68D86801228A4044EA000556
:10A4200015421AD08D080E4E023524EA020456F861
:10A4300025501D6825EA02051D605D6820EA0200BE
:10A4400025EA02055D609C60D8605A61054B0022D8
:10A4500043F8312003EBC1035A6070BD0004014092
:10A460000000014088680020836A5B6830B5046B97
:10A470005968436862689B68FF2988BFFF2122F002
:10A48000FF7243EA014322F4803294BF00254FF06B
:10A49000807513432B4343F48063636030BDC36A0C
:10A4A000016B5B6840685A684B68806810B523F0A0
:10A4B000FF73FF2A23F4803394BF00244FF080748D
:10A4C00043EA000388BFFF22234343EA02434B6071
:10A4D00010BD00003E4838B5046BA36903F0FE02CE
:10A4E000D906E2612DD5C36A59680A6822F00F02C5
:10A4F0000A601A7C19680E2303FA02F24A60826A23
:10A500005568296821F00F0129601168127C934079
:10A510004B60836843F004038360636843F48043C3
:10A520006360236823F046032360302383F311889C
:10A530006FF001011C30FEF721FB002383F311882B
:10A5400006E01A060BD50378032B05D1FFF7A7FF0A
:10A55000BDE83840FEF7A6BBFFF786FFF8E75B06CD
:10A56000F6D50278836A032A5D6819D1C36A5968EF
:10A570000A6822F00F020A60197C1A680E238B40C9
:10A5800053606B68ABB1FFF76FFF2B6843F00103BB
:10A590002B60636843F40053636004230370D7E7C0
:10A5A0002A6822F00F022A60197C1A680E238B4059
:10A5B0005360636843F480436360236823F040037F
:10A5C0002360302383F3118802480021B3E700BFE2
:10A5D000086900202469002038B5234B196B8A696B
:10A5E00002F47C50C861D96A4C68206820F00F00E2
:10A5F0002060087C0C680E2101FA00F06060986A07
:10A6000045682C6824F00F042C600468007C8140AD
:10A610006160D40542BF996841F0010199609005DD
:10A6200042BF996841F002019960510542BF9968A3
:10A6300041F008019960D20499680ED541F02001DB
:10A640009960302383F3118808486FF00101FEF709
:10A6500095FA002383F3118801E00029F1D1BDE8C8
:10A660003840FEF71FBB00BF0869002024690020A6
:10A6700010B5054C2046FEF777FE0023034AE36140
:10A680002263A362E36210BD086900200054004009
:10A6900038B5056B2B6823F001032B600378012B81
:10A6A000044637D19A2343628A230362254B98429A
:10A6B00030D1254B9A6B42F400129A639A6B22F4C4
:10A6C00000129A639A6B9A6D42F400129A659A6F1F
:10A6D00042F400129A679B6F002203460521062070
:10A6E000FFF754FC0521A062234600220846FFF72D
:10A6F0004DFC236AE06243F44C332362636A052114
:10A7000043F44C331F206362FFF708FA0521202031
:10A71000FFF704FAA36A5B6805F124029A60E36A12
:10A720005B6805F128029A606268536843F440430D
:10A7300043F090032B6013682B612B6843F00103F7
:10A740002B6038BD086900200010024038B503783E
:10A75000012B04463FD0036B1A68D1070AD51A684B
:10A7600022F001021A601A68D207F8D41A6842F07F
:10A7700001021A60E06A42680168136823F00F035F
:10A780001360027C0E2303FA02F24A60A26A556843
:10A79000296821F00F0129601168127C93404B60F9
:10A7A000FFF752FCA06AFFF74FFC0023E362A362AD
:10A7B000094B9C420FD11F20FFF7C6F92020FFF75D
:10A7C000C3F9064B9A6D22F400129A659A6F22F42F
:10A7D00000129A679B6F38BD086900200010024084
:10A7E0002DE9F047002704460E469A46056B876020
:10A7F00087F31188D0F82CC0DCF80C809CF81090FE
:10A80000D8F800100F2000FA09FE21EA0E0EE18CA4
:10A8100001FA09F141EA0E01C8F80010DCF8041051
:10A82000636A0B60CA60A26AC1F804A0D2F80CC0C7
:10A8300092F810E0DCF80010638C00FA0EF021EAC8
:10A84000000103FA0EF30B43CCF800305368226A80
:10A850001A60089ADA60099A5A60FEF762FA4FF0B5
:10A860003009804641F2873A89F31188AB691904AF
:10A8700008D5FEF756FAA0EB080050453DD887F3FF
:10A880001188F1E76268236B9268120558BF760061
:10A890005E602046FFF703FEE36A0A995A68136870
:10A8A00043F0010313602B6843F040032B606B6897
:10A8B00043F400536B6004F11C00FEF751F9431C94
:10A8C00019D16B6843F480436B60A36A59680A68C6
:10A8D00022F00F020A601A7C19680E2303FA02F2B2
:10A8E0004A60E26A5468216821F00F012160116812
:10A8F000127C93404B60BDE8F0874FF0FF30FAE7E1
:10A90000044B5B68DA6842F08002DA60DA6852066B
:10A91000FCD570473C6900208020704730B5446802
:10A920001A445034C91A934201D1002030BD58183E
:10A9300020F0030500F003006559C00025FA00F07F
:10A9400003F8010BEFE7F0B545681A445035C91A12
:10A950004FF0FF0C934201D10020F0BD581820F0B9
:10A96000030700F00300EE59C0000CFA00F426EAD9
:10A97000040613F8014B04FA00F03043E851E9E70C
:10A9800038B5144C6368DD6825F4B042DA60124AC9
:10A990004FF400215161A268BAB19B681B040AD52B
:10A9A000280502D5022120469047E90403D5A36873
:10A9B00008480321984763681B6C1A0305D56B048C
:10A9C00003D5A368034805219847BDE83840FEF742
:10A9D00069B900BF3C690020000401400B4843688E
:10A9E000D96821F4806210B5DA60094A4FF4801406
:10A9F0005461826832B19B685C0403D54B0501D574
:10AA000007219047BDE81040FEF74CB93C69002093
:10AA10000004014070B5104C6368DD6825F4407295
:10AA2000DA600E4A4FF480215161A2687AB19E68C3
:10AA3000F00404D5E90502D5002120469047B20470
:10AA400005D5AB0503D5A368034801219847BDE8A8
:10AA50007040FEF727B900BF3C69002000040140A8
:10AA600038B51A4D2846FEF7BFFC19496960CA235C
:10AA70004B6253234B62CC6814F0100421D1FFF7D2
:10AA80003FFF80238C600C64CB60124B0B610B6129
:10AA9000CB6823F08003CB604FF4E010002301214A
:10AAA000AB60FFF7B9FB06210220FFF737F806215C
:10AAB0000320FFF733F8BDE8384006212920FFF7CF
:10AAC0002DB8CB6823F02003E5E700BF3C690020E8
:10AAD00000280040FF031F00F8B54B6806244FF420
:10AAE0007A72C3F31A03B3FBF2F30A220F46064647
:10AAF000B3FBF2F102FB1135B1FBF4F004FB101CC7
:10AB000045EA0C15B0FBF2F102FB1100B1FBF4F3C6
:10AB100045EA002504FB131145EA0135B3FBF2F1C8
:10AB200002FB113345EA0345BB78787897F800C0FB
:10AB300003F01F034FEA501E45EA015500F00F01D4
:10AB4000B3FBF2F002FB103444EA4E34BCFBF2F3E8
:10AB500002FB13CC44EA0C44B1FBF2FC02FB1C11D7
:10AB600044EA012444EA0C34B3FBF2F144EA001451
:10AB700002FB113344EA0354FDF786FDFFF7C0FEE4
:10AB800072687978156054609368C1F3001123F4FA
:10AB9000802343EA81439360044B5A68D36823F0CF
:10ABA0008003D360BDE8F840FDF777BD3C69002025
:10ABB0002DE9F04104460F46FDF766FD6368DA684B
:10ABC0009206FCD59D6A1E68D3F804809A6A954265
:10ABD000F8D15A689C68DA6822F02002DA60FDF742
:10ABE0005CFD3049C6F303434B4301F1F771C6F3F3
:10ABF000015201F5C54101FB023306F00F024FF48B
:10AC00007A7101FB02332849C6F3023201FB023399
:10AC1000C6F303224EF6602101FB0233C8F3035250
:10AC2000C8F3034102EB820201EB42023A70C8F31F
:10AC3000003202EB8202C8F3032101EB4201A209B8
:10AC400001F00F0102F4805242EA012208F460414F
:10AC50000A43C8F3011101EB810108F00F0808EB6A
:10AC60004108396808F01F0821F4FF1142EA084240
:10AC700021F4F8510A433A60C6F3021642F2107208
:10AC800002FB0633094A554305F579257A6823F016
:10AC9000784305F6184503EB952363F31A027A60AF
:10ACA000BDE8F08180EE3600C027090018FCFFFFE8
:10ACB0000F4B9A6D42F001029A659A6F42F00102C1
:10ACC0009A670C4A9B6F936843F0010393604FF0BF
:10ACD000804340F2DF129A624FF0FF32DA620022C4
:10ACE0009A615A63DA605A6001225A611A607047A9
:10ACF00000100240002004E04FF0804208B51169C6
:10AD0000D3680B40D9B2C9439B07116107D53023E3
:10AD100083F31188FDF7B6FC002383F3118808BD87
:10AD2000024A136843F0C0031360704700440040B8
:10AD300013B50D4C2046FEF785FB04F10C000B49C2
:10AD4000009400238022FEF70DFA094B0949009474
:10AD5000802204F13000FEF786FA074B6365074B4B
:10AD6000A36502B010BD00BF48690020981F0020F5
:10AD700021AD0008181F002000440040006CDC02D8
:10AD8000234B30B5002914BF0C461C46037A012B17
:10AD90000CD1204B984209D11F4B9A6D42F40032DE
:10ADA0009A659A6F42F400329A679B6F2268836DAE
:10ADB000416D03EB5203B3FBF2F36268150442BF2B
:10ADC00023F0070503F0070343EA4503CB60A368BC
:10ADD00043F040034B60E36843F001038B6042F4AF
:10ADE000967343F001030B604FF0FF330B62510584
:10ADF0000AD512F0102209D0B2F1805F0CBF3F23B8
:10AE0000FF2380F85C3030BDFF23FAE77F23F8E7AB
:10AE10006CD2000848690020001002402DE9F0477C
:10AE2000466D3768F56935622A07044617D0C5F3C1
:10AE3000C001C901EB0748BF41F02001A80748BF86
:10AE400041F040016A0748BF41F48071302383F329
:10AE50001188201DFDF7DEFE002383F31188EB052A
:10AE60000AD5302383F311884FF40071201DFDF7BC
:10AE7000D1FE002383F311884FF030084FF0000A11
:10AE80000BE088F31188B38C94F85C1020461940CD
:10AE9000FEF7EFFA8AF31188F56915F02009F0D171
:10AEA000380616D54FF0300A04EB0A08290610D5EB
:10AEB0008AF311884046FEF709FA002822DA0821B1
:10AEC000201DFDF7A7FE27F080033360002383F3E6
:10AED00011887A0614D56B0612D5302383F31188B6
:10AEE000626CA36C9A4208D1A36B33B11021201D70
:10AEF00027F04007FDF78EFE3760002383F31188AB
:10AF0000BDE8F08780B2308589F31188F569CDE717
:10AF10000F4B1B6D03F1804303F5D84303EBC000D7
:10AF200010B503889BB203F1804394B203F5D84374
:10AF300044801144002AA1EB020400DC10BD2078FB
:10AF4000647840EA042023F8020B023AF2E700BFDB
:10AF5000006800402DE9F74F7C4C676CFB437E0591
:10AF6000636402D57A48FEF76FFB3D0506D5236C76
:10AF7000774843F008032364FEF79EFBF8040AD5E4
:10AF8000724B9A6C110406D41A6C714822F00802B4
:10AF90001A64FEF7BDFBBA0504D56D484368DB684B
:10AFA00003B198476A4D3B0404D403B0BDE8F04FA9
:10AFB000FDF778BE07F00F008400861C05EB8603C2
:10AFC00004F1804404F5D044D3F804C02268FB06A1
:10AFD00044D42268DCF8143022F4784222F0F002E3
:10AFE0005F68D3F810E042F4004222601A687744A8
:10AFF000D11B5F6017D0BCF810208A4228BF0A46D8
:10B0000099681A6171449960FFF782FF236823F4FD
:10B01000F04323F0400383F0300343F4004343F054
:10B02000800323602BE02B890122824023EA020364
:10B030002B81DCF8083013B10146284698473023AD
:10B0400083F3118805EB86060021736858690C307C
:10B05000FDF794FD002383F3118810E0236823F4A7
:10B06000784323F0F00343F0800323601705C3B255
:10B07000019307D5DCF80430019928469847334BF3
:10B080005F6C90E7314BDCF818201B6DD2F808B0EC
:10B0900003F1804303F5D84303EBC003D8469F88F0
:10B0A000DB88BFB207F1804707F5D84799B2C3F3F1
:10B0B0000903BE469A46BAF1010F08F1020831D8D9
:10B0C000C90742BF4FEA530E37F81E700BF81E70C7
:10B0D00097681F44976057681F4457601768FF1AA6
:10B0E0001760178A013FBFB21782BCF812209A423C
:10B0F00000D817BB012303FA00F26B8923EA02038D
:10B100006B8105EB86035B68DB6813B1019910481E
:10B110009847302383F3118805EB86067368986996
:10B12000416894E73EF8029B08F8029C4FEA19290F
:10B1300008F8019CAAF1020ABDE7236823F49043B2
:10B1400023F0700383F4405367E700BF00680040BA
:10B15000A86900200148FEF7B7B900BFA869002020
:10B1600008B50378012B13D00A4B984210D1432025
:10B17000FEF7EAFC084B03221A6403F5D4339A6DF8
:10B1800022F080629A659A6F22F080629A679B6FC4
:10B1900008BD00BFA86900200068004090F87E301C
:10B1A000024A43F08003D364704700BF0068004048
:10B1B00000EB810370B5DD68294A2B68146D6A695C
:10B1C00003F00303032B18BFB3FA83F304F18044A5
:10B1D00018BF5B0904F5D84414BF5B024FF4C06389
:10B1E00004EBC10472B1002262802A8AD0F8846024
:10B1F000013222F001023244B6B2C0F8842043F09A
:10B2000020032680AA69CAB16D8A3E2D05F1FF325E
:10B210001ED942F01F02134E0132520946EA822221
:10B2200092B2E2800135D0F8842025F00105154462
:10B2300092B2C0F8845043F40053A2808A0002F115
:10B24000804202F5D0420B4310681060136070BD5D
:10B2500042F001020132520202F47C42E1E700BFF7
:10B26000006800400080FFFF0C4A10B400218024D9
:10B2700011655164D4644468E4688C4214BF4FF48F
:10B280003E444FF43C4414644022C0F88420044AF5
:10B290005DF8044BC260FFF78BBF00BF0068004041
:10B2A0007CD2000838B501780129044622D1124B1E
:10B2B00098421AD1114B124D9A6D42F080629A65F4
:10B2C0009A6F42F080629A679A6F9A6B42F080623E
:10B2D0009A639A6B22F080629A639B6B2964432085
:10B2E0000E21FEF71BFC00232B642046BDE83840EE
:10B2F000FFF7BABF38BD00BFA869002000100240A8
:10B30000006800404023C0F88430012200219300EF
:10B3100003F1804303F5D043013218681860082A0E
:10B320001960F4D170470000054B53F8210010F468
:10B33000405004D0B0F5805F0CBF01200220704760
:10B3400000680040054B53F8210010F0300003D096
:10B3500010280CBF01200220704700BF0068004089
:10B360000B4B1B6D03F1804303F5D84303EBC10383
:10B3700002F108009B889BB203F1804303F5D84398
:10B38000198822F8021B904203F10203F8D170479A
:10B390000068004000EB8100C06882691368B3B1A7
:10B3A000408A0344013BB3FBF0F39BB21382094A8A
:10B3B00052F8213023F4904323F0700383F4405378
:10B3C00043F4004343F0800342F8213070470123E7
:10B3D000ECE700BF0068004000EB810010B5C268D8
:10B3E0005369128A0C4619688A4228BF0A461A61B4
:10B3F00099682046FFF78CFD074A52F8243023F461
:10B40000F04323F0400383F0300343F4004343F060
:10B41000800342F8243010BD00680040074A52F80B
:10B42000213023F4904323F0700383F4805343F4DA
:10B43000004343F0800342F8213070470068004029
:10B44000074A52F8213023F4F04323F0400383F0FD
:10B45000100343F4004343F0800342F82130704767
:10B4600000680040890001F1804101F5D0410B687E
:10B4700003F44053B3F5405F09D00B6823F4F04365
:10B4800023F0400343F4204343F080030B607047F4
:10B49000890001F1804101F5D0410B6803F03003D0
:10B4A000302B0BD00B6823F4F04323F0400383F0E0
:10B4B000200343F4004343F080030B6070474B6864
:10B4C0004360CB69C3628B688360CB68C3600B69E0
:10B4D00043614B6903628B6943620B6803600B6ACB
:10B4E000C361704708B5174BDA6A42F08702DA6227
:10B4F000DA6A22F08702DA62DA6ADA6C42F08702EC
:10B50000DA64DA6E42F08702DA660F4ADB6E1146C1
:10B510004FF09040FFF7D3FF02F1240100F5806067
:10B52000FFF7CDFF02F1480100F58060FFF7C7FF8C
:10B5300002F16C0100F5A050FFF7C1FFBDE8084023
:10B54000FEF728BC00100240A0D200087047162366
:10B5500003604FF0FF307047002070471846704777
:10B560000020704710B50022044608460121FDF76F
:10B570002BF818B90C2323604FF0FF3010BD08B52D
:10B58000134600215822184600F0D0F94FF400521B
:10B590004260002008BD01207047000008B5024845
:10B5A000FDF764F800F06CF930D3000808B50248E4
:10B5B000FDF75CF800F064F935D30008012070470E
:10B5C000704700002DE9F047089D0C46002B4ED136
:10B5D00094468C458646B2FA82F262D94AB1C2F1EB
:10B5E0002003914020FA03F30CFA02FC194300FAFD
:10B5F00002FE4FEA1C471FFA8CF6B1FBF7F44FEA44
:10B600001E4307FB141143EA014304FB06F1994270
:10B610000AD91CEB030304F1FF3080F01381994237
:10B6200040F21081023C6344591A1FFA8EF3B1FBB9
:10B63000F7F007FB101143EA014300FB06F69E42B8
:10B640000AD91CEB030300F1FF3180F0FD809E421C
:10B6500040F2FA80634402389B1B40EA0440002118
:10B660001DB1D3400022C5E90032BDE8F0878B420E
:10B6700005D90DB1C5E9000100210846F5E7B3FA87
:10B6800083F1002946D1A34202D39042C0F0F18059
:10B69000861A64EB03030120002DE6D0C5E90063A0
:10B6A000E3E7002A40F09180A1EB0C044FEA1C482C
:10B6B0001FFA8CF70121B4FBF8F64FEA1E4308FB92
:10B6C000164443EA044307FB06F0984208D91CEBF2
:10B6D000030306F1FF3402D2984200F2CE802646E0
:10B6E0001C1A1FFA8EF3B4FBF8F008FB104443EA6F
:10B6F000044300FB07F79F4208D91CEB030300F14A
:10B70000FF3402D29F4200F2B1802046DB1B40EAA8
:10B710000640A5E7C1F120068B4022FA06F71F4339
:10B7200020FA06FC04FA01F343EA0C03F44000FAA1
:10B7300001F8380C4FEA1349B4FBF0FE1FFA87FCFE
:10B7400000FB1E4449EA04440EFB0CF9A14502FA31
:10B7500001F20AD93C190EF1FF3A80F08580A1452B
:10B7600040F28280AEF1020E3C44A4EB09041FFAC1
:10B7700083F9B4FBF0F300FB134449EA044403FBF0
:10B780000CFCA44507D93C1903F1FF3068D2A4454D
:10B7900066D9023B3C4443EA0E40A0FB0293A4EB73
:10B7A0000C049C42CE469C4652D34FD055B1B8EBC8
:10B7B0000E0364EB0C0404FA06F6CB40CC401E43A7
:10B7C000C5E900640021BDE8F087C2F1200320FA3A
:10B7D00003F10CFA02FC24FA03F394400C434FEA01
:10B7E0001C4800FA02FE1FFA8CF7B3FBF8F008FBC6
:10B7F0001031230C43EA014300FB07F1994208D9B9
:10B800001CEB030300F1FF362CD299422AD90238EF
:10B8100063445B1AA4B2B3FBF8F108FB113344EAAA
:10B82000034401FB07F3A34208D91CEB040401F114
:10B83000FF3613D2A34211D902396444E41A41EA13
:10B84000004138E70446EFE6084605E7C845ADD2B3
:10B85000B9EB020E63EB070C0138A7E73146EDE7C1
:10B86000034698E73046D4E7D6467EE7634402387D
:10B870004CE70646234608460EE7023E63442FE7A0
:10B8800008B5062000F082F80120FFF787FE0000CF
:10B89000164B10B51C68236BB3B9182000F0BEF826
:10B8A0000246206320B9124B1248522100F098F84A
:10B8B0001149124BC0E90013114B83600B238381A4
:10B8C00000210120C2E90401216B0E480B694C697B
:10B8D0000D4A584302FB0400A3FB0232013340EB44
:10B8E0000200C1E9043020F0004010BDB80F002074
:10B8F0003AD3000851D300080E33CDAB34126DE6B5
:10B90000ECDE05002DF451582D7F954C10B5013912
:10B910000244904201D1002005E0037811F8014F64
:10B92000A34201D0181B10BD0130F2E702440346C8
:10B93000934200D1704703F8011BF9E71F2938B57E
:10B9400005460C4604D9162303604FF0FF3038BD7E
:10B95000C26B12B152F821304BB9284600F030F8D2
:10B96000224601462846BDE8384000F017B8012BB2
:10B970000AD0591C03D1162303600120E7E70021F8
:10B9800042F82410204698470020E0E7024B014689
:10B990001868FFF7D3BF00BFB80F002038B5074DB8
:10B9A00000230446084611462B60FFF7FFFD431CA9
:10B9B00002D12B6803B1236038BD00BF3C200020BA
:10B9C000FFF7FCBD0A44914200F1FF3300D17047FC
:10B9D00010B511F8014B03F8014F9142F9D110BD98
:10B9E0001FB514461A46094B1B680546D86854B95A
:10B9F000074B1C46CDE9013400912B46054900F068
:10BA0000BBF8FFF73DFF044BF4E700BFB80F002081
:10BA1000EDD30008BFD30008B2D30008024B0146A3
:10BA2000186800F025B800BFB80F002070B50F4EA1
:10BA30000C463168054611B9FFF794FD3060214688
:10BA40002846FFF78FFD431C03D14FF0FF342046FB
:10BA500070BDC41C24F00304A042F8D0211A28466B
:10BA6000FFF780FD0130F2D1EFE700BF3420002066
:10BA70002DE9F041CD1C25F0030508350C2D38BF0C
:10BA80000C25002D064601DBA94204D90C233360A6
:10BA90000020BDE8F081314F00F062F83B681C46A1
:10BAA00044BB29463046FFF7C1FF431C044650D132
:10BAB0003C682146002941D1002C44D023683046FF
:10BAC00004EB0308FFF74EFD80453CD121686D1A59
:10BAD00029463046FFF7AAFF013034D023682B44B3
:10BAE00023603B68002B36D05A68A24229D100223D
:10BAF0005A600EE02268521B1DD40B2A16D9611918
:10BB0000A342256018BF5960636808BF396062515D
:10BB10004B60304600F02AF804F10B00231D20F0A2
:10BB20000700C21AB5D01B1AA350B2E7A34262683D
:10BB3000DED13A60EDE723466468B1E70C46496818
:10BB4000B8E71346CEE70C233360304600F00EF81A
:10BB50009EE70560DDE75B60FFDE00BF3820002068
:10BB6000014800F01CB800BF40200020014800F050
:10BB700017B800BF402000200EB403B5014603AB48
:10BB8000054853F8042B0068019300F07FF802B0D9
:10BB90005DF804EB03B07047B80F002070477047A2
:10BBA0007047000038B50546002941D051F8043CE3
:10BBB0000C1F002BB8BFE418FFF7D2FF1D4A136813
:10BBC00033B9636014602846BDE83840FFF7CEBF44
:10BBD000A34208D9206821188B4201BF19685B680D
:10BBE00009182160EDE71A465B680BB1A342FAD948
:10BBF00011685018A0420BD12068014450188342AC
:10BC00001160E0D118685B68536008441060DAE79F
:10BC100002D90C232B60D6E7206821188B4204BF81
:10BC200019685B68636004BF091821605460CAE743
:10BC300038BD00BF382000209368013B002B10B4B2
:10BC4000936008DA9469A34201DB0A2903D15DF805
:10BC5000044B00F08FBB1368581C10601970084625
:10BC60005DF8044B7047F8B506460F461446D518E4
:10BC7000AC4201D1002007E014F8011B3A463046DF
:10BC8000FFF7DAFF431CF3D1F8BD00002DE9F04FB8
:10BC90000D469DB014469846064618B1036A0BB986
:10BCA00000F032FB6B6ED90705D4AB899A0502D43C
:10BCB000A86DFFF774FFAB891B0701D52B699BB9F2
:10BCC0002946304600F094FB70B16B6EDC0704D55A
:10BCD0004FF0FF301DB0BDE8F08FAB899805F7D469
:10BCE000A86DFFF75DFFF3E70023099320238DF88C
:10BCF0002930CDF80C803023DFF8AC818DF82A3064
:10BD00004FF0010923469A4613F8012B0AB1252A60
:10BD1000F9D1BAEB040B0BD05B46224629463046DC
:10BD2000FFF7A1FF013000F0A780099A5A44099259
:10BD30009AF80030002B00F09F8000234FF0FF3274
:10BD4000CDE905230AF1010A049307938DF85330D6
:10BD50001A935446052214F8011B5348F4F7F0FADD
:10BD6000049AD8B9D10644BF20238DF85330130765
:10BD700044BF2B238DF853309AF800302A2B15D06E
:10BD8000079A544600204FF00A0C214611F8013B57
:10BD9000303B092B4BD9B0B1079214E0A0EB08035C
:10BDA00009FA03F313430493A246D2E7039B191D38
:10BDB0001B680391002BBBBF5B4242F0020207935A
:10BDC0000793B8BF049223782E2B0AD163782A2BCD
:10BDD00032D1039B1A1D1B68039243EAE3730234BA
:10BDE0000593DFF8D4A0217803225046F4F7A8FA8F
:10BDF00038B1049BA0EB0A00402282401343013477
:10BE0000049314F8011B29488DF828100622F4F732
:10BE100097FA00283FD0264B1BBB039B073323F028
:10BE2000070308330393099B3B4409936AE70CFB20
:10BE300002320C460120A8E700230134059319467D
:10BE40004FF00A0C204610F8012B303A092A03D98A
:10BE5000002BC6D00591C4E70CFB01210446012349
:10BE6000F0E703AB00932A46124B04A93046AFF328
:10BE700000800746781CD6D16B6ED90705D4AB89F4
:10BE80009A0502D4A86DFFF78BFEAB895B063FF5E0
:10BE90001FAF09981EE703AB00932A46054B04A980
:10BEA000304600F079F8E4E7EED30008F8D3000854
:10BEB0000000000067BC0008F4D300082DE9F0473B
:10BEC000164698468A680B69DDF820909342B8BF01
:10BED0001346336091F8432007460C460AB10133FC
:10BEE00033602368990642BF3368023333602568A4
:10BEF00015F0060506D104F1190AE36832689B1AA9
:10BF0000AB4226DC94F843302268003B18BF012383
:10BF100092062BD404F1430241463846C84701300B
:10BF20001ED02368226903F00603042B02BFE568D4
:10BF30003368ED1AA3680CBF25EAE5750025934226
:10BF4000C4BF9B1AED1800261A34B5421AD100203E
:10BF500008E00123524641463846C847013003D124
:10BF60004FF0FF30BDE8F0870135C6E7E1185A1CF5
:10BF7000302081F84300224494F8451082F84310A1
:10BF80000233C7E70123224641463846C8470130FD
:10BF9000E6D00136D9E700002DE9FF470F7E0C9E61
:10BFA000782F914680460C469A4601F1430207D805
:10BFB000622F0AD8002F00F0DD80582F00F0C380D8
:10BFC00004F1420684F842703AE0A7F16303152BAE
:10BFD000F6D801A151F823F031C0000845C000088F
:10BFE000C1BF0008C1BF0008C1BF0008C1BF000831
:10BFF00045C00008C1BF0008C1BF0008C1BF00089C
:10C00000C1BF00085BC10008D3C0000813C100080D
:10C01000C1BF0008C1BF00087DC10008C1BF000842
:10C02000D3C00008C1BF0008C1BF00081BC1000881
:10C0300033681A1D1B68326004F1420684F84230EE
:10C040000123A8E031682368081D30601E0601D571
:10C050000D6803E05D06FBD5B1F900506168002D65
:10C0600078DA2D20002984F84300A1602DDA5E489B
:10C070006D420A231646B5FBF3F103FB1157C75D6A
:10C0800006F8017D2F46BB420D46F4D9082B0BD193
:10C090002368DF0708D5236961689942DEBF302332
:10C0A00006F8013C06F1FF36921B2261CDF800A094
:10C0B0004B4603AA21464046FFF700FF01306FD1EF
:10C0C0004FF0FF3004B0BDE8F08723F00403236095
:10C0D000CDE721683368080653F8045B02D44906AB
:10C0E00048BFADB26F2F4048336014BF0A23082306
:10C0F000002184F843106668A660002EBADB216830
:10C1000021F004012160002DB4D1002EB2D11646D9
:10C11000BCE7236843F0200323603448782784F881
:10C120004570236831681F0651F8045B02D45F062E
:10C1300048BFADB23160D90744BF43F0200323604C
:10C140001DB11023D4E72848E9E7236823F0200332
:10C150002360F6E724480A23CDE733682568616940
:10C16000181D30602E061B6801D5196002E06806B4
:10C17000FBD5198000232361164697E733681A1D03
:10C1800032601E68626800213046F4F7D9F808B1C1
:10C19000801B606063682361002384F8433085E777
:10C1A0002369324649464046D047013088D023684B
:10C1B0009B0714D4E068039B9842B8BF184681E7F8
:10C1C0000123324649464046D04701303FF478AF1C
:10C1D0000135E36803995B1AAB42F1DCEAE700251D
:10C1E00004F11906F5E700BFFFD3000810D40008DA
:10C1F000002310B50446C0E90033C0E9043383606E
:10C2000081814366C2818361194608225C30FFF751
:10C210008DFB0D4B63620D4BA3620D4BE3620D4B27
:10C2200023630D4B24629C4206D003F168029442C2
:10C2300002D0D0339C4205D104F15800BDE8104033
:10C24000FFF7ACBC10BD00BFB9C60008DBC60008D4
:10C2500013C7000837C7000844200020024A0349DA
:10C26000034800F069B800BF0810002069C6000844
:10C27000BC0F002041680C4B994210B5044601D018
:10C2800000F0F2F9A168094B994202D0204600F073
:10C29000EBF9E168064B994204D02046BDE8104016
:10C2A00000F0E2B910BD00BF44200020AC20002007
:10C2B0001421002010B50B4B0B4C0C4A1A60204681
:10C2C00000220421FFF794FF04F1680001220921F4
:10C2D000FFF78EFF04F1D0000222BDE810401221CA
:10C2E000FFF786BF7C210020442000205DC20008AB
:10C2F0000148FFF754BC00BF412000200148FFF770
:10C300004FBC00BF4120002010B50446FFF7F0FFEE
:10C31000236A1BB1BDE81040FFF7F0BF044B236256
:10C32000044B1B68002BF5D1FFF7C4FFF2E700BFF9
:10C3300075C200087C2100202DE9F8430746884695
:10C3400014460026D4E90195B9F1010905D5246800
:10C35000002CF7D13046BDE8F883AB89012B07D913
:10C36000B5F90E30013303D029463846C04706439D
:10C370006835E9E7F8B50E461446054618B1036A74
:10C380000BB9FFF7C1FFA369A360A3891A0701D501
:10C39000236943B92146284600F02AF818B14FF026
:10C3A000FF373846F8BD23682269981A6369F6B2E8
:10C3B0008342374605DC2146284600F055F900281F
:10C3C000EDD1A368013BA36023685A1C22601E7054
:10C3D0006269431C9A4204D0A389DB07E1D50A2E87
:10C3E000DFD12146284600F03FF90028D9D0D6E712
:10C3F00038B5294B054618680C4618B1036A0BB9C5
:10C40000FFF782FFB4F90C30190722D4DA0607D4FB
:10C4100009222A6043F04003A3814FF0FF3033E04C
:10C42000580712D5616B41B104F14403994202D01F
:10C430002846FFF7B7FB00236363A38923F0240397
:10C44000A3810023636023692360A38943F0080369
:10C45000A38123694BB9A38903F42073B3F5007F4B
:10C4600003D02146284600F03FF8B4F90C3013F011
:10C4700001020AD00022A26062695242A2612269CE
:10C4800042B913F08000C5D138BD990758BF626921
:10C49000A260F4E70020F7E7B80F002070B50C4663
:10C4A000B1F90E10002996B015461E460DDAA38983
:10C4B00013F0800F4FF0000114BF40234FF480634E
:10C4C000002031602B6016B070BD6A46FFF757F848
:10C4D0000028ECDB019901F47041A1F500535942A9
:10C4E00059414FF48063EBE78B89F7B59D0706460A
:10C4F0000C4607D504F147032360236101236361E0
:10C5000003B0F0BD01AB6A46FFF7C8FF009F0546C8
:10C5100039463046FFF7ACFA48B9B4F90C309A0501
:10C52000EED423F0030343F00203A381E2E7A389DF
:10C53000206043F08003A381019BC4E904075BB141
:10C54000B4F90E103046FFF726F828B1A38923F07E
:10C55000030343F00103A381A3891D43A581CFE712
:10C56000B1F90C202DE9F041170705460C4656D4C9
:10C570004B68002B02DC0B6C002B3DDDE66A002EC5
:10C580003AD0002312F480522F68216A2B6025D004
:10C59000626DA389580705D56368D21A636B0BB126
:10C5A000236CD21A216AE66A00232846B047411C50
:10C5B00024D00023636023692360A389DA0400D5B3
:10C5C0006065616B2F60B9B104F14403994202D0F8
:10C5D0002846FFF7E7FA002363630DE001232846AE
:10C5E000B047461C0246D4D12B68002BD1D01D2B5E
:10C5F00001D0162B2BD12F6000202FE02A68B4F930
:10C600000C3042B11D2A01D0162A22D100236360CA
:10C6100023692360D5E7626022692260CEE70F6953
:10C62000002FE9D093070E6808BF4B690F6018BF51
:10C630000023A6EB07088B60B8F1000FDCDD216A50
:10C64000A66A43463A462846B047002808DCB4F9B3
:10C650000C3043F04003A3814FF0FF30BDE8F08180
:10C660000744A8EB0008E7E738B50B6905460C4618
:10C6700013B90025284638BD18B1036A0BB9FFF776
:10C6800043FEB4F90C30002BF3D0626ED00704D413
:10C69000990502D4A06DFFF782FA28462146FFF7DC
:10C6A0005FFF636EDA070546E4D4A3899B05E1D4F6
:10C6B000A06DFFF775FADDE710B50C46B1F90E1065
:10C6C000FEF745FF0028ABBF636DA3891B1823F459
:10C6D0008053ACBF6365A38110BD2DE9F0411F46B7
:10C6E0008B89DB0505460C46164605D5B1F90E10BB
:10C6F00002230022FEF730FFA389B4F90E1023F4C1
:10C700008053A38132463B462846BDE8F041FEF700
:10C7100025BF10B50C46B1F90E10FEF71DFF431CE6
:10C72000A38915BF606523F4805343F48053A3812C
:0EC7300018BFA38110BDB1F90E10FEF711BFA6
:10C740000000000003010000000000000504004894
:10C7500004040048030400480F0000480E0000488D
:10C760000D00004800FFFF0402030506070000005B
:10C77000031C0048031C0048031C0048111213004E
:10C780006400000064000000580200000000000087
:10C790000000046400000064000000580200000172
:10C7A000000000000003D0070000FA000000D007DE
:10C7B000000001000000000004E8030000E803009E
:10C7C0000000000000010000000000111213141509
:10C7D000161718191A004B65796368726F6E204B33
:10C7E000382050726F00E2E6E3E70080607000617D
:10C7F00071810072826200836373006474840075C7
:10C800008565008666760067778700788868008986
:10C810006979006A7A8A007B8B6B008C6C7C007E65
:10C820008E6E008F6F7F010111210020001000012A
:10C830001121001222020023031300041424001506
:10C8400025050026061600071727001828080029C6
:10C850000919000A1A2A001B2B0B002C0C1C000DB6
:10C860001D2D001E2E0E002F0F1F01617181005023
:10C8700030400031415100425232005333430034C2
:10C880004454004555350056364600374757004852
:10C89000583800593949003A4A5A004B5B3B005C12
:10C8A0003C4C003D4D5D004E5E3E005F3F4F010041
:10C8B0001020012F0F1F010E1E2E011D2D0D012C0A
:10C8C0000C1C010B1B2B011A2A0A0129091901084A
:10C8D000182801172707012606160105152501143A
:10C8E000240401021222018F6F7F017D8D6D018C66
:10C8F0006C7C016B7B8B017A8A6A0189697901689A
:10C900007888017787670186667601657585017489
:10C9100084640162728201806070015F3F4F013E5A
:10C920004E5E014D5D3D0159394901354555014482
:10C9300054340153334301324252014151310150C9
:10C940003040010313232900BE00BD00C100C20016
:10C9500028782778AC00AE00AB00A800AA00A90098
:10C960000000467E487E217835001E001F00200012
:10C9700021002200230024002500260027002D008E
:10C980002E002A0049004A004B002B0014001A0018
:10C990000800150017001C0018000C0012001300FE
:10C9A0002F00300031004C004D004E0039000400D3
:10C9B0001600070009000A000B000D000E000F0012
:10C9C0003300340000002800000000000000E100F7
:10C9D00000001D001B0006001900050011001000DA
:10C9E0003600370038000000E5000000520000006B
:10C9F000E000407E427E0000000000002C000000AD
:10CA000000000000437E417E2152E40050005100AE
:10CA10004F0001003A003B003C003D003E003F005B
:10CA20004000410042004300440045000000010076
:10CA3000010020780100497E4A7E4B7E0100010002
:10CA400001000100010001000100010001000100DE
:10CA500001000100010020782178277823782578CB
:10CA6000297801000100010001000100010001001E
:10CA700001000100010001000100227828782478DB
:10CA800026782A7801000100010001000100010060
:10CA90000000010000000000000001000000010093
:10CAA0000100010001004C7E137001000100010033
:10CAB0000100000001000000010000000100010071
:10CAC0000100000000000000010000000000000064
:10CAD0000100010001000100010001000100290026
:10CAE0003A003B003C003D003E003F00400041005A
:10CAF000420043004400450000004600477E217884
:10CB000035001E001F002000210022002300240009
:10CB10002500260027002D002E002A0049004A008B
:10CB20004B002B0014001A000800150017001C0011
:10CB300018000C00120013002F00300031004C00D0
:10CB40004D004E00390004001600070009000A00DD
:10CB50000B000D000E000F00330034000000280011
:10CB6000000000000000E10000001D001B000600A6
:10CB700019000500110010003600370038000000D1
:10CB8000E500000052000000E000E300E2000000C9
:10CB9000000000002C00000000000000E600E7009C
:10CBA0002352E400500051004F000100BE00BD00C0
:10CBB000447E457E28782778AC00AE00AB00A80004
:10CBC000AA00A90000000100010020780100497EB0
:10CBD0004A7E4B7E010001000100010001000100BE
:10CBE00001000100010001000100010001002078A6
:10CBF0002178277823782578297801000100010021
:10CC0000010001000100010001000100010001001C
:10CC1000010022782878247826782A7801000100FB
:10CC200001000100010001000000010000000000FF
:10CC300000000100000001000100010001004C7E25
:10CC4000137001000100010001000000010000005C
:10CC500001000000010001000100000000000000D0
:10CC600001000000000000000100010001000100BF
:10CC7000010001000100E200E900EA00B500B60091
:10CC8000B700CD008301CC008A01920194012102FA
:10CC9000230224022502260227022A02B300B4003E
:10CCA0006F0070009F01CB019F02A002E200E9002B
:10CCB000EA00B500B600B700CD008301CC008A01C0
:10CCC0009201940121022302240225022602270256
:10CCD0002A02B300B4006F0070009F01CB019F02D5
:10CCE000A002003131295A1B750A0000256E000888
:10CCF000C56F0008057000080D6E0008ED6D000896
:10CD0000FD6D000838383838383838383838383811
:10CD10000000010101010101010101020202020200
:10CD200002020202030303030303030304040404D3
:10CD3000040404050505050506060606060707079B
:10CD4000070708080808090909090A0A0A0B0B0B52
:10CD50000C0C0C0D0D0D0E0E0E0F0F0F10101111EF
:10CD60001112121313141415151616171718181973
:10CD7000191A1A1B1B1C1D1D1E1E1F2020212222DA
:10CD8000232424252626272829292A2B2C2D2D2E1D
:10CD90002F30313232333435363738393A3B3C3D37
:10CDA0003E3F404142434445464748494A4C4D4E28
:10CDB0004F50515354555658595A5B5D5E5F6162EE
:10CDC00064656668696B6C6D6F7072737577787A7D
:10CDD0007B7D7E8082838587888A8C8E8F919395D8
:10CDE00096989A9C9EA0A2A3A5A7A9ABADAFB1B3FC
:10CDF000B5B7BABCBEC0C2C4C6C9CBCDCFD1D4D6DC
:10CE0000D8DBDDDFE2E4E7E9EBEEF0F3F5F8FAFD7D
:10CE1000FF000000330F30000000000000000000A1
:10CE2000317E0008A57B0008A17C0008897B0008F2
:10CE30000300000000000000857B000800000000E7
:10CE400020000000301C0020000000000200000054
:10CE5000000000000300000000000000857B0008C7
:10CE60000000000008000000441C0020000000003A
:10CE700002000000000000004022B6001FD00008A1
:10CE800047CF000869CF0008ECCE000805CF0008A6
:10CE900025CF0008D6CE0008C2CE0008A0CE0008DC
:10CEA00020034B00650079006300680072006F008A
:10CEB0006E0020004B0038002000500072006F0010
:10CEC000000012034B0065007900630068007200E7
:10CED0006F006E0000000403090409025B000301F7
:10CEE00000A0FA0904000001030101000921110159
:10CEF0000001224000070581030800010904010028
:10CF0000020300000009211101000122220007058F
:10CF10008203200001070503032000010904020029
:10CF2000010300000009211101000122B6000705DC
:10CF3000840320000112010002000000403434800C
:10CF4000020001010200010660FF0961A1010962FE
:10CF5000150026FF0095207508810209631500263B
:10CF6000FF00952075089102C005010902A1018505
:10CF7000020901A1000509190129081500250195DB
:10CF800008750181020501093009311581257F9558
:10CF9000027508810609381581257F95017508817C
:10CFA00006050C0A38021581257F95017508810652
:10CFB000C0C005010980A101850319012AB7001528
:10CFC0000126B700950175108100C0050C0901A16B
:10CFD00001850419012AA002150126A002950175F8
:10CFE000108100C005010906A1018506050719E0A9
:10CFF00029E715002501950875018102050719002B
:10D0000029EF1500250195F0750181020508190128
:10D010002905950575019102950175039101C005DA
:10D02000010906A101050719E029E7150025019569
:10D03000087501810295017508810105071900290C
:10D04000FF150026FF0095067508810005081901E7
:10D050002905950575019102950175039101C0009F
:10D0600000000000BD820008AD820008DD820008DB
:10D07000CD820008D7820008C7820008B782000866
:10D08000A78200080000000040D80008306A002095
:10D09000306A0020306A002040D8000800000000FC
:10D0A000000000000000000040D800080000000060
:10D0B000000000000000000040D800080000000050
:10D0C000000000000000000040D800080000000040
:10D0D000000000000000000040D800080000000030
:10D0E000000000000000000040D800080000000020
:10D0F000000000000000000040D800080000000010
:10D1000000000000000000006330000008D10008AB
:10D11000C01C0020A01E00206D61696E0069646C57
:10D12000650000000000000013940008039400084C
:10D1300033940008239400082D9400081D940008DF
:10D140000D940008FD9300083D94000801000000C4
:10D150000000000000000240080002400100000042
:10D16000A800024000000B00000002401C0002402A
:10D1700002000000A800024004010C000000024070
:10D180003000024004000000A800024008020D0028
:10D19000000002404400024008000000A8000240D5
:10D1A0000C030E0000000240580002401000000076
:10D1B000A800024010040F00000002406C00024072
:10D1C00020000000A80002401405100000000240EA
:10D1D0008000024040000000A80002401806110034
:10D1E000000402400804024080000000A80402403D
:10D1F00000073800000402401C0402400001000047
:10D20000A80402400408390000040240300402402F
:10D2100000020000A804024008093A00000402408D
:10D220004404024000040000A80402400C0A3B0031
:10D23000000402405804024000080000A804024014
:10D24000100B3C00000402406C040240001000007F
:10D25000A8040240140C4400000402408004024070
:10D2600000200000A8040240180D450000960000B0
:10D2700000000000000000000000000000000000AE
:10D2800025970008CD9900087F9A000840004000CB
:10D290002020002020200020010000001820002075
:10D2A000EFFFFFAB00000000AFFFFFFF0000002416
:10D2B000FFFF000000070000000000300000000039
:10D2C000000000007CFFFFFF00000000FFFFFFFFE9
:10D2D00001000000F7FF0000000000000000000057
:10D2E0000000000000000000FFFFFFFF0000000042
:10D2F000FFFFFFFF00000000FFFF00000000000034
:10D30000000000000000000000000000FFFFFFFF21
:10D31000000000000F00000000000000FFFF000000
:10D3200000000000000000000000000000000000FD
:10D3300065786974006B696C6C005245454E5420E9
:10D340006D616C6C6F6320737563636565646564A0
:10D35000002F566F6C756D65732F646174612F6A51
:10D36000656E6B696E732F776F726B737061636537
:10D370002F474E552D746F6F6C636861696E2F6116
:10D38000726D2D31322F7372632F6E65776C696207
:10D390002D63796777696E2F6E65776C69622F6C84
:10D3A0006962632F7374646C69622F72616E642E9C
:10D3B00063002C2066756E6374696F6E3A2000619D
:10D3C0007373657274696F6E202225732220666103
:10D3D000696C65643A2066696C6520222573222C8D
:10D3E000206C696E65202564257325730A00232D42
:10D3F000302B2000686C4C0065666745464700305E
:10D4000031323334353637383941424344454600AA
:10D4100030313233343536373839616263646566AA
:04D420000000000008
:08D42400A0E1FF7F0100000000
:10D42C0000040048FFFFFFFFFFFFFFFFFFFFFFFFB0
:10D43C00FFFFFFFFFFFFFFFFFFFFFFFFFFFFFFFFF0
:10D44C00FFFFFFFFFFFFFFFFFFFFFFFFFFFFFFFFE0
:10D45C00FFFFFFFFFFFFFFFFFFFFFFFFFFFFFFFFD0
:10D46C00FFFFFFFF050400480404004803040048C4
:10D47C000F0000480E0000480D000048F1050008A0
:10D48C0019070008F1070008ED0800080103FF0167
:10D49C00F50C000801100008850F00083D1000086D
:10D4AC00650E0008990E0008CD0E0008050F000847
:10D4BC00390F0008D9120008FFFF01000410010108
:10D4CC0002E32B0002E3080003E1E32102E3060080
:10D4DC00000102030405060708090A0B0CFF0D0ED8
:10D4EC000F101112131415161718191A1B1C1D1EC8
:10D4FC001F202122232425262728292A2B2C2D2EB8
:10D50C002F303132333435363738393A3B3C3DFFE6
:10D51C003EFFFFFF3FFF40414243444546474849D9
:10D52C00FF4AFF4BFF4C4D4EFFFFFF4FFFFFFF50DD
:10D53C005152535455560000190026003300400038
:10D54C00540061006E007B008E009B00A800B500AB
:10D55C00C600D300E000000E0C0E190E260E330E82
:10D56C00400E4D0E5A0E670E740E810E8E0E9B0ED3
:10D57C00AF0EC60ED30EE00E031A131A201A2D1A74
:10D58C003A1A471A541A611A6E1A7B1A881A951A83
:10D59C00A21AB21AC61AD31AE01A0427162723277E
:10D5AC0030273D274A275727642771277E278B274B
:10D5BC009827AD2708331D332A333733443351337F
:10D5CC005E336B33783384339133AA33D3330140D6
:10D5DC0011402240524083409340A340B440C64087
:10D5EC00D340E040040404040404040404040404CC
:10D5FC0004040404040808080404040404040404D3
:10D60C0004040404040404040404040404040404CE
:10D61C0004040404040404040404040404040404BE
:10D62C0004040404040404040404040404040404AE
:10D63C00040404040404040404040400A6110020DB
:10D64C009D450008280850011E0A1401FFFFFFFF2A
:10D65C000300FF00FFFF3905040000000400000078
:10D66C0000000000000000000000000000000000AE
:10D67C00000000000000000000000000000000009E
:10D68C00000000000000000000000000000000008E
:10D69C00000000000000000000000000030000007B
:10D6AC0000000000C58400080000000020000000FD
:10D6BC00000000000000000002000000000000005C
:10D6CC000300000000000000000000004585000879
:10D6DC00000020000000000000000000020000001C
:10D6EC00000000000300000000000000838500081B
:10D6FC000000000008000000000000000000000016
:10D70C000200000000000000A869002002030000D5
:10D71C0004000000040000002000000020000000B5
:10D72C0000000000A01B0020101B002000000000C7
:10D73C0000000000000000000000000000000000DD
:10D74C0000000000000000000000000000000000CD
:10D75C0000000000000000000000000000000000BD
:10D76C0000000000000000000000000000000000AD
:10D77C00000000000000000000000000000000009D
:10D78C00000000000000000000000000000000008D
:10D79C00000000000000000000000000000000007D
:10D7AC00000000000000000000000000010000006C
:10D7BC0061800008BD8000080181000821810008FB
:10D7CC0000960000000008000000000019A90008E5
:10D7DC001DA9000847A90008BC0F0020000000008C
:10D7EC0044200020AC200020142100200000000068
:10D7FC00000000000000000000000000000000001D
:10D80C00000000000000000000000000000000000C
:10D81C0000000000000000000000000000000000FC
:10D82C0000000000000000000000000003000000E9
:04D83C004420002064
:04000005080002BD30
:00000001FF
